관광지 이름,place_name,place_location,place_feature,place_star,operating_time
이호테우해수욕장,이호테우해수욕장,제주특별자치도 제주시 이호일동 1665-13,"해수욕장,해변",3.8점,
남원큰엉해변,남원큰엉해변,제주특별자치도 서귀포시 남원읍 태위로 522-17 (우)63620,"해수욕장,해변",4.5점,
함덕해수욕장,함덕해수욕장,제주특별자치도 제주시 조천읍 조함해안로 525 (우)63333,"해수욕장,해변",4.5점,
협재해수욕장,협재해수욕장,제주특별자치도 제주시 한림읍 한림로 329-10 (우)63011,"해수욕장,해변",4.6점,
용머리해안,용머리해안,제주특별자치도 서귀포시 안덕면 사계리,"해수욕장,해변",4.6점,09:00 ~ 17:00
황우지해안,황우지해안,제주특별자치도 서귀포시 천지동 765-7,"해수욕장,해변",4.2점,
삼양해수욕장,삼양해수욕장,제주특별자치도 제주시 삼양이동 1960-4,"해수욕장,해변",4.5점,
행원해변,행원해변,제주특별자치도 제주시 구좌읍 행원리 575-6,"해수욕장,해변",4.0점,
논짓물해변,논짓물해변,제주특별자치도 서귀포시 하예동 532-3,"해수욕장,해변",3.8점,
검멀레해변,검멀레해변,제주특별자치도 제주시 우도면 연평리,"해수욕장,해변",4.6점,
화순금모래해수욕장,화순금모래해수욕장,제주특별자치도 서귀포시 안덕면 화순해안로 69 (우)63530,"해수욕장,해변",2.9점,
우도산호해변,우도산호해변,제주특별자치도 제주시 우도면 연평리,"해수욕장,해변",4.6점,
하도해변,하도해변,제주특별자치도 제주시 구좌읍 하도리,"해수욕장,해변",4.3점,
신창풍차해안,신창풍차해안,제주특별자치도 제주시 한경면 신창리 1290-2,"해수욕장,해변",4.6점,
하고수동해변,하고수동해변,제주특별자치도 제주시 우도면 연평리,"해수욕장,해변",4.8점,
엉알해안,엉알해안,제주특별자치도 제주시 한경면 고산리,"해수욕장,해변",4.6점,
신양섭지해수욕장,신양섭지해수욕장,제주특별자치도 서귀포시 성산읍 섭지코지로 88 (우)63641,"해수욕장,해변",3.7점,
평대리해수욕장,평대리해수욕장,제주특별자치도 제주시 구좌읍 평대리,"해수욕장,해변",4.6점,
종달리해변,종달리해변,제주특별자치도 제주시 구좌읍 종달리 622-5,"해수욕장,해변",4.3점,
하효쇠소깍해변,하효쇠소깍해변,제주특별자치도 서귀포시 하효동 997-3,"해수욕장,해변",4.3점,
몽돌해변,몽돌해변,제주특별자치도 제주시 내도동 465-2,"해수욕장,해변",3.3점,
세기알해변,세기알해변,제주특별자치도 제주시 구좌읍 김녕리 1200-5,"해수욕장,해변",4.9점,
신흥해수욕장,신흥해수욕장,제주특별자치도 제주시 조천읍 신흥리,"해수욕장,해변",4.5점,
하모해변,하모해변,제주특별자치도 서귀포시 대정읍 하모리,"해수욕장,해변",3.4점,
알작지해변,알작지해변,제주특별자치도 제주시 내도동 465-2,"해수욕장,해변",3.8점,
소금막해변,소금막해변,제주특별자치도 서귀포시 표선면 표선리,"해수욕장,해변",4.5점,
광치기중간,광치기중간,제주특별자치도 서귀포시 성산읍 고성리,"해수욕장,해변",4.6점,
황우치해변,황우치해변,제주특별자치도 서귀포시 안덕면 사계리 79-4,"해수욕장,해변",4.1점,09:00 ~ 22:00
우뭇개해안,우뭇개해안,제주특별자치도 서귀포시 성산읍 성산리,"해수욕장,해변",4.4점,
톨칸이해변,톨칸이해변,제주특별자치도 제주시 우도면 연평리 1732-1,"해수욕장,해변",,
수마포해안,수마포해안,제주특별자치도 서귀포시 성산읍 성산리,"해수욕장,해변",,
설쿰바당,설쿰바당,제주특별자치도 서귀포시 안덕면 사계리,"해수욕장,해변",,
모진이몽돌해변,모진이몽돌해변,제주특별자치도 제주시 추자면 신양리 56,"해수욕장,해변",,
삼양해수욕장종합상황실,삼양해수욕장종합상황실,제주특별자치도 제주시 삼양일동 1569-41,"해수욕장,해변",,
후포해변,후포해변,제주특별자치도 제주시 추자면 대서5길 87 (우)63000,"해수욕장,해변",,
함덕해수욕장 주차장,함덕해수욕장 주차장,제주특별자치도 제주시 조천읍 함덕리 1004-5,주차장,,
협재해수욕장 주차장,협재해수욕장 주차장,제주특별자치도 제주시 한림읍 협재리 2447-22,주차장,,
협재해수욕장 캠핑장,협재해수욕장 캠핑장,제주특별자치도 제주시 한림읍 협재리,"야영,캠핑장",4.6점,
곽지해수욕장 주차장,곽지해수욕장 주차장,제주특별자치도 제주시 애월읍 곽지리 1565,주차장,,
세화해수욕장 주차장,세화해수욕장 주차장,제주특별자치도 제주시 구좌읍 세화리 1381-5,주차장,,
이호테우해수욕장 주차장,이호테우해수욕장 주차장,제주특별자치도 제주시 이호일동 1654,주차장,,
표선해수욕장 야영장,표선해수욕장 야영장,제주특별자치도 서귀포시 표선면 표선리,"야영,캠핑장",,
함덕해수욕장 야영장,함덕해수욕장 야영장,제주특별자치도 제주시 조천읍 조함해안로 525 (우)63333,"야영,캠핑장",,
김녕해수욕장 야영장,김녕해수욕장 야영장,제주특별자치도 제주시 구좌읍 김녕리 488,"야영,캠핑장",,
금능해수욕장 야영장,금능해수욕장 야영장,제주특별자치도 제주시 한림읍 금능리 2027,"야영,캠핑장",4.1점,
협재해수욕장 야영장,협재해수욕장 야영장,제주특별자치도 제주시 한림읍 협재리 2497-1,"야영,캠핑장",2.0점,
중문색달해수욕장 공영주차장,중문색달해수욕장 공영주차장,제주특별자치도 서귀포시 색달동 2950-3,주차장,,
곽지해수욕장 옆 주차장,곽지해수욕장 옆 주차장,제주특별자치도 제주시 애월읍 곽지리 1565-12,주차장,,
이호해수욕장 공영주차장,이호해수욕장 공영주차장,제주특별자치도 제주시 이호일동 1665-11,공영주차장,,
화순금모래해수욕장 수영장,화순금모래해수욕장 수영장,제주특별자치도 서귀포시 안덕면 화순리 776-8,수영장,3.0점,
김녕해수욕장 야영장주차장2,김녕해수욕장 야영장주차장2,제주특별자치도 제주시 구좌읍 해맞이해안로 7-6 (우)63357,주차장,,
삼양해수욕장 정자,삼양해수욕장 정자,제주특별자치도 제주시 삼양일동 1624-17,관광지부속시설,,
삼양해수욕장 공영주차장,삼양해수욕장 공영주차장,제주특별자치도 제주시 삼양일동 1569-24,공영주차장,5.0점,
하도해수욕장 화장실,하도해수욕장 화장실,제주특별자치도 제주시 구좌읍 해맞이해안로 1973 (우)63363,화장실,,
이호테우해수욕장 화장실,이호테우해수욕장 화장실,제주특별자치도 제주시 이호일동 431-2,화장실,,
표선해수욕장 샤워장,표선해수욕장 샤워장,제주특별자치도 서귀포시 표선면 민속해안로 592 (우)63629,관광지부속시설,,
함덕해수욕장 아영장 공중화장실2,함덕해수욕장 아영장 공중화장실2,제주특별자치도 제주시 조천읍 조함해안로 585 (우)63333,화장실,1.0점,
화순해수욕장 캠핑장,화순해수욕장 캠핑장,제주특별자치도 서귀포시 안덕면 화순해안로 66 (우)63530,"야영,캠핑장",,
화순금모래해수욕장 주차장,화순금모래해수욕장 주차장,제주특별자치도 서귀포시 안덕면 화순해안로 69 (우)63530,주차장,,
파리바게뜨 함덕해수욕장점 전기차충전소,파리바게뜨 함덕해수욕장점 전기차충전소,제주특별자치도 제주시 조천읍 신북로 473 구내주차장 (우)63333,전기자동차 충전소,,
서빈백사해수욕장 주차장,서빈백사해수욕장 주차장,제주특별자치도 제주시 우도면 연평리,주차장,,
곽지해수욕장 화장실,곽지해수욕장 화장실,제주특별자치도 제주시 애월읍 곽지리 1565,화장실,,
함덕해수욕장 야영장 공중화장실1,함덕해수욕장 야영장 공중화장실1,제주특별자치도 제주시 조천읍 조함해안로 525 (우)63333,화장실,,
하모해수욕장 주차장,하모해수욕장 주차장,제주특별자치도 서귀포시 대정읍 하모리 276,주차장,,
금능해수욕장 주차장 전기차충전소,금능해수욕장 주차장 전기차충전소,제주특별자치도 제주시 한림읍 금능리 2018,전기자동차 충전소,,
비자림,비자림,제주특별자치도 제주시 구좌읍 비자숲길 55 (우)63351,자연휴양림,,09:00 ~ 18:00
서귀포자연휴양림,서귀포자연휴양림,제주특별자치도 서귀포시 하원동 산 1-1,자연휴양림,,09:00 ~ 18:00
절물자연휴양림,절물자연휴양림,제주특별자치도 제주시 명림로 584 (우)63313,자연휴양림,,07:00 ~ 18:00
붉은오름자연휴양림,붉은오름자연휴양림,제주특별자치도 서귀포시 표선면 남조로 1487-73 (우)63622,자연휴양림,,09:00 ~ 17:00
교래자연휴양림,교래자연휴양림,제주특별자치도 제주시 조천읍 남조로 2023 (우)63345,자연휴양림,,09:00 ~ 18:00
설록다원도순,설록다원도순,제주특별자치도 서귀포시 중산간서로356번길 152-41 (우)63555,관광농원,4.0점,
서귀다원,서귀다원,제주특별자치도 서귀포시 516로 717 (우)63582,관광농원,,09:00 ~ 17:00
녹차동굴,녹차동굴,제주특별자치도 서귀포시 표선면 성읍리 2192,동굴,4.8점,
올레길 14-1코스(저지-서광 올레),올레길 14-1코스(저지-서광 올레),제주특별자치도 제주시 한경면 저지리 1792-3,제주올레길,4.7점,
항파두리 항몽유적지,항파두리 항몽유적지,제주특별자치도 제주시 애월읍 항파두리로 50 (우)63057,유적지,3.9점,09:00 ~ 18:00
국립제주박물관,국립제주박물관,제주특별자치도 제주시 일주동로 17 (우)63284,박물관,,
오설록티뮤지엄,오설록티뮤지엄,제주특별자치도 서귀포시 안덕면 신화역사로 15 (우)63521,박물관,,09:00 ~ 18:00
세계자동차&피아노박물관,세계자동차&피아노박물관,제주특별자치도 서귀포시 안덕면 중산간서로 1610 (우)63526,박물관,,09:00 ~ 18:00
제주항공우주박물관,제주항공우주박물관,제주특별자치도 서귀포시 안덕면 녹차분재로 218 (우)63521,박물관,,09:00 ~ 18:00
박물관은살아있다 제주중문점,박물관은살아있다 제주중문점,제주특별자치도 서귀포시 중문관광로 42 (우)63535,박물관,,10:00 ~ 19:00
제주해양동물박물관,제주해양동물박물관,제주특별자치도 서귀포시 성산읍 서성일로 689-21 (우)63631,박물관,,09:00 ~ 18:00
그리스신화박물관,그리스신화박물관,제주특별자치도 제주시 한림읍 광산로 942 (우)63021,박물관,,09:00 ~ 18:00
초콜릿박물관,초콜릿박물관,제주특별자치도 서귀포시 대정읍 일주서로3000번길 144 대정농공단지 내 (우)63504,박물관,,10:30 ~ 17:00
제주 세계자연유산센터,제주 세계자연유산센터,제주특별자치도 제주시 조천읍 선교로 569-36 (우)63341,박물관,,09:00 ~ 18:00
테디베어뮤지엄 제주점,테디베어뮤지엄 제주점,제주특별자치도 서귀포시 중문관광로110번길 31 (우)63535,테디베어뮤지엄,,09:00 ~ 18:00
제주커피박물관 바움,제주커피박물관 바움,제주특별자치도 서귀포시 성산읍 서성일로1168번길 89-17 (우)63641,박물관,,09:30 ~ 18:30
아프리카박물관,아프리카박물관,제주특별자치도 서귀포시 이어도로 49 아프리카박물관 (우)63544,박물관,,10:00 ~ 19:00
세계술박물관,세계술박물관,제주특별자치도 서귀포시 표선면 한마음초등로 431 (우)63627,박물관,,09:00 ~ 18:00
제주유리박물관,제주유리박물관,제주특별자치도 서귀포시 중산간서로 1403 (우)63534,박물관,,09:00 ~ 22:00
수목원테마파크 아이스뮤지엄,수목원테마파크 아이스뮤지엄,제주특별자치도 제주시 은수길 69 (우)63141,박물관,,09:00 ~ 21:00
수풍석박물관,수풍석박물관,제주특별자치도 서귀포시 안덕면 산록남로762번길 79 (우)63525,박물관,1.7점,
세계조가비박물관,세계조가비박물관,제주특별자치도 서귀포시 태평로 284 (우)63594,박물관,4.0점,09:00 ~ 18:30
제주교육박물관,제주교육박물관,제주특별자치도 제주시 오복4길 25 (우)63224,박물관,,
초콜릿랜드,초콜릿랜드,제주특별자치도 서귀포시 중문관광로110번길 15 (우)63535,박물관,,
리틀프린스뮤지엄,리틀프린스뮤지엄,제주특별자치도 서귀포시 중문관광로110번길 15 (우)63535,박물관,,
조안베어뮤지엄,조안베어뮤지엄,제주특별자치도 서귀포시 대포로 113 (우)63544,박물관,,09:00 ~ 17:00
비오토피아 수풍석박물관,비오토피아 수풍석박물관,제주특별자치도 서귀포시 안덕면 산록남로762번길 79 (우)63525,박물관,2.0점,
제주신영영화박물관 (휴관중),제주신영영화박물관 (휴관중),제주특별자치도 서귀포시 남원읍 태위로 536 (우)63620,박물관,2.5점,
아니메피규어박물관,아니메피규어박물관,제주특별자치도 서귀포시 안덕면 중산간서로 1878 2층 (우)63522,박물관,5.0점,09:00 ~ 17:30
공룡과동물농장,공룡과동물농장,제주특별자치도 서귀포시 성산읍 난산로 293 (우)63632,박물관,,09:30 ~ 17:30
제주미니미니랜드,제주미니미니랜드,제주특별자치도 제주시 조천읍 비자림로 606 (우)63346,박물관,,
메이즈랜드 미로박물관,메이즈랜드 미로박물관,제주특별자치도 제주시 구좌읍 비자림로 2134-47 (우)63351,박물관,,
알프스얼음보석궁전 테마파크뮤지엄,알프스얼음보석궁전 테마파크뮤지엄,제주특별자치도 제주시 한경면 연명로 147 (우)63006,박물관,,
제주대학교 박물관,제주대학교 박물관,제주특별자치도 제주시 제주대학로 102 (우)63243,박물관,,10:00 ~ 17:00
한라산국립공원 산악박물관,한라산국립공원 산악박물관,제주특별자치도 제주시 산록북로 588 (우)63242,박물관,3.0점,09:00 ~ 17:00
백년초박물관,백년초박물관,제주특별자치도 서귀포시 태평로 200 (우)63571,박물관,3.0점,09:00 ~ 18:00
조랑말박물관,조랑말박물관,제주특별자치도 서귀포시 표선면 녹산로 381-15 (우)63622,박물관,4.5점,10:00 ~ 18:00
예나르제주공예박물관,예나르제주공예박물관,제주특별자치도 제주시 한경면 저지14길 36 (우)63005,박물관,5.0점,
제주옹기박물관,제주옹기박물관,제주특별자치도 서귀포시 대정읍 무영로254번길 3-1 (우)63501,박물관,,
제주공룡랜드 자연사박물관(휴업중),제주공룡랜드 자연사박물관(휴업중),제주특별자치도 제주시 애월읍 광령평화2길 1 (우)63064,박물관,,
사계 발자국화석 발견지,사계 발자국화석 발견지,제주특별자치도 서귀포시 대정읍 형제해안로 192 (우)63512,박물관,5.0점,
조안스튜디오,조안스튜디오,제주특별자치도 서귀포시 대포로 113 (우)63544,테디베어뮤지엄,,
제주월드컵경기장 세계성문화박물관,제주월드컵경기장 세계성문화박물관,제주특별자치도 서귀포시 월드컵로 33 (우)63572,박물관,2.7점,09:00 ~ 20:00
이랜드뮤지엄,이랜드뮤지엄,"제주특별자치도 제주시 한림읍 한림해안로 530 1,3층 (우)63024",박물관,,09:00 ~ 18:00
화석박물관 (휴관중),화석박물관 (휴관중),제주특별자치도 서귀포시 표선면 하천로 11 (우)63627,박물관,,
대장금미니테마파크,대장금미니테마파크,제주특별자치도 서귀포시 표선면 민속해안로 631-34 (우)63629,박물관,,08:30 ~ 18:00
선녀와나무꾼 테마공원 민속박물관,선녀와나무꾼 테마공원 민속박물관,제주특별자치도 제주시 조천읍 선교로 267 (우)63341,박물관,,
몽유도원 오백년이야기,몽유도원 오백년이야기,제주특별자치도 서귀포시 성산읍 난고로 336-20 (우)63633,박물관,,
SN박물관,SN박물관,제주특별자치도 제주시 구좌읍 금백조로 930 (우)63355,박물관,,
피규어뮤지엄제주 별관,피규어뮤지엄제주 별관,제주특별자치도 서귀포시 안덕면 한창로 239 (우)63526,박물관,,
천년의미,천년의미,제주특별자치도 제주시 영평길 274 1층 (우)63308,박물관,4.0점,10:00 ~ 19:00
조수리박물관,조수리박물관,제주특별자치도 제주시 한경면 용금로 449 (우)63004,박물관,,
탐라신들의고향,탐라신들의고향,제주특별자치도 제주시 조천읍 선교로 474 (우)63341,박물관,,
국립제주박물관 복합문화전시관,국립제주박물관 복합문화전시관,제주특별자치도 제주시 일주동로 17 (우)63284,박물관,5.0점,
제주돌마을공원 수석박물관,제주돌마을공원 수석박물관,제주특별자치도 제주시 한림읍 금능남로 421 (우)63016,박물관,,09:00 ~ 18:00
두손지중 박물관,두손지중 박물관,제주특별자치도 서귀포시 안덕면 산록남로762번길 79 (우)63525,박물관,,
선녀와나무꾼 테마공원 자수박물관,선녀와나무꾼 테마공원 자수박물관,제주특별자치도 제주시 조천읍 선교로 267 (우)63341,박물관,,
해외개척자야외박물관,해외개척자야외박물관,제주특별자치도 서귀포시 대정읍 마라로 113 (우)63515,박물관,,
선녀와나무꾼 테마공원 농업박물관,선녀와나무꾼 테마공원 농업박물관,제주특별자치도 제주시 조천읍 선교로 267 (우)63341,박물관,,
봉황솟대박물관,봉황솟대박물관,제주특별자치도 제주시 한경면 명이2길 66 (우)63006,박물관,,
국립제주박물관 관사,국립제주박물관 관사,제주특별자치도 제주시 일주동로 17 (우)63284,박물관,,
제주민속촌,제주민속촌,제주특별자치도 서귀포시 표선면 민속해안로 631-34 (우)63629,민속촌,,08:30 ~ 18:00
제주 유리의성 (휴관중),제주 유리의성 (휴관중),제주특별자치도 제주시 한경면 녹차분재로 462 (우)63005,테마파크,,
방림원,방림원,제주특별자치도 제주시 한경면 용금로 864 (우)63005,"수목원,식물원",,09:00 ~ 17:00
제주공룡랜드 (휴업중),제주공룡랜드 (휴업중),제주특별자치도 제주시 애월읍 광령평화2길 1 (우)63064,테마파크,,09:30 ~ 18:30
테디베어하우스 테지움 제주점,테디베어하우스 테지움 제주점,제주특별자치도 제주시 애월읍 평화로 2159 (우)63037,테마파크,,09:00 ~ 19:00
석부작박물관 매표소,석부작박물관 매표소,제주특별자치도 서귀포시 일주동로 8941 (우)63571,매표소,,
세계자동차&피아노박물관 주차장,세계자동차&피아노박물관 주차장,제주특별자치도 서귀포시 안덕면 중산간서로 1610 (우)63526,주차장,,
바이나흐튼 크리스마스박물관 주차장,바이나흐튼 크리스마스박물관 주차장,제주특별자치도 서귀포시 안덕면 평화로 654 (우)63522,주차장,,
본태박물관 주차장,본태박물관 주차장,제주특별자치도 서귀포시 안덕면 산록남로762번길 69 (우)63525,주차장,,
용눈이오름,용눈이오름,제주특별자치도 제주시 구좌읍 종달리 산 28,오름,4.5점,
새별오름,새별오름,제주특별자치도 제주시 애월읍 봉성리 산 59-8,오름,4.3점,
도두봉,도두봉,제주특별자치도 제주시 도두일동 산 2,오름,4.7점,
산굼부리,산굼부리,제주특별자치도 제주시 조천읍 교래리 166-2,오름,3.9점,09:00 ~ 18:40
금오름,금오름,제주특별자치도 제주시 한림읍 금악리 산 1-1,오름,4.6점,
저지오름,저지오름,제주특별자치도 제주시 한경면 저지리 산 51,오름,4.3점,
물영아리,물영아리,제주특별자치도 서귀포시 남원읍 수망리 산 188,오름,4.4점,
큰노꼬메오름,큰노꼬메오름,제주특별자치도 제주시 애월읍 유수암리 산 138,오름,4.9점,
영주산,영주산,제주특별자치도 서귀포시 표선면 성읍리 산 18-1,오름,4.5점,
문도지오름,문도지오름,제주특별자치도 제주시 한림읍 금악리 3445,오름,4.7점,
아끈다랑쉬오름,아끈다랑쉬오름,제주특별자치도 제주시 구좌읍 세화리 2593-2,오름,4.5점,
민오름,민오름,제주특별자치도 제주시 오라이동 산 28-1,오름,4.3점,
사라오름,사라오름,제주특별자치도 서귀포시 남원읍 신례리 산 2-1,오름,,
붉은오름,붉은오름,제주특별자치도 서귀포시 표선면 가시리 산 158,오름,4.3점,
당산봉,당산봉,제주특별자치도 제주시 한경면 용수리 산 28,오름,4.8점,
궷물오름,궷물오름,제주특별자치도 제주시 애월읍 유수암리 산 136-6,오름,3.2점,
이승이오름,이승이오름,제주특별자치도 서귀포시 남원읍 신례리 산 2-4,오름,4.6점,
쇠머리오름,쇠머리오름,제주특별자치도 제주시 우도면 연평리 산 23,오름,,
정물오름,정물오름,제주특별자치도 제주시 한림읍 금악리 산 52-1,오름,4.3점,
두산봉,두산봉,제주특별자치도 서귀포시 성산읍 시흥리 2661,오름,4.5점,
한라산 웃세붉은오름,한라산 웃세붉은오름,제주특별자치도 서귀포시 서호동 산 183-1,오름,,
제지기오름,제지기오름,제주특별자치도 서귀포시 보목동 275-1,오름,,
윗세오름,윗세오름,제주특별자치도 서귀포시 서호동 산 1-1,오름,,
단산,단산,제주특별자치도 서귀포시 대정읍 인성리 21-2,오름,4.6점,
베릿내오름,베릿내오름,제주특별자치도 서귀포시 중문동 3712,오름,3.7점,
큰사슴이오름,큰사슴이오름,제주특별자치도 서귀포시 표선면 가시리 산 68-9,오름,4.7점,
섯알오름,섯알오름,제주특별자치도 서귀포시 대정읍 상모리 1593-2,오름,,
큰바리메,큰바리메,제주특별자치도 제주시 애월읍 어음리 산 21,오름,4.3점,
검은오름,검은오름,제주특별자치도 제주시 연동 산 110-1,오름,3.9점,
거슨세미오름,거슨세미오름,제주특별자치도 제주시 구좌읍 송당리 산 145,오름,4.2점,
느지리오름,느지리오름,제주특별자치도 제주시 한림읍 상명리 산 5,오름,4.2점,
대수산봉,대수산봉,제주특별자치도 서귀포시 성산읍 고성리 2039-1,오름,,
식산봉,식산봉,제주특별자치도 서귀포시 성산읍 오조리 313,오름,,
왕이메오름,왕이메오름,제주특별자치도 서귀포시 안덕면 광평리 산 79,오름,4.4점,
개오름,개오름,제주특별자치도 서귀포시 표선면 성읍리 2974,오름,4.1점,
절물오름,절물오름,제주특별자치도 제주시 봉개동 산 78-1,오름,,
알오름,알오름,제주특별자치도 제주시 구좌읍 종달리 산 13-1,오름,,
세미양오름,세미양오름,제주특별자치도 제주시 아라일동 산 24-2 일대,오름,,
바굼지오름,바굼지오름,제주특별자치도 제주시 애월읍 상귀리 332,오름,,
원물오름,원물오름,제주특별자치도 서귀포시 안덕면 동광리 산 41,오름,,
높은오름,높은오름,제주특별자치도 제주시 구좌읍 송당리 산 213-1,오름,4.6점,
오드싱오름,오드싱오름,제주특별자치도 제주시 오등동 1554,오름,,
매오름,매오름,제주특별자치도 서귀포시 표선면 세화리 산 7,오름,,
붉은오름,붉은오름,제주특별자치도 서귀포시 성산읍 섭지코지로 261 (우)63642,오름,,
안세미오름,안세미오름,제주특별자치도 제주시 봉개동 산 2,오름,,
동검은이오름,동검은이오름,제주특별자치도 제주시 구좌읍 종달리 산 70,오름,,
돝오름,돝오름,제주특별자치도 제주시 구좌읍 송당리 산 3,오름,,
족은노꼬메오름,족은노꼬메오름,제주특별자치도 제주시 애월읍 유수암리 산 138,오름,,
월라봉,월라봉,제주특별자치도 서귀포시 안덕면 감산리 1144,오름,,
삼무공원 배두리오름,삼무공원 배두리오름,제주특별자치도 제주시 연동,오름,,
당오름,당오름,제주특별자치도 제주시 구좌읍 송당리 산 199-1,오름,,
모슬봉,모슬봉,제주특별자치도 서귀포시 대정읍 상모리 3540-2,오름,,
세미오름,세미오름,제주특별자치도 제주시 조천읍 대흘리 산 27-8,오름,3.0점,
민오름,민오름,제주특별자치도 제주시 봉개동 산 64 일대,오름,,
골체오름,골체오름,제주특별자치도 제주시 조천읍 선흘리 1912,오름,4.0점,
바농오름,바농오름,제주특별자치도 제주시 조천읍 교래리 산 108,오름,,
자배봉,자배봉,제주특별자치도 서귀포시 남원읍 위미리 산 132-2,오름,,
거친오름,거친오름,제주특별자치도 제주시 봉개동 산 66 일대,오름,,
남송이오름,남송이오름,제주특별자치도 서귀포시 안덕면 서광리 산 31,오름,,
우보악,우보악,제주특별자치도 서귀포시 색달동 912-1,오름,,
우진제비오름,우진제비오름,제주특별자치도 제주시 조천읍 선흘리 산 112,오름,,
물찻오름,물찻오름,제주특별자치도 제주시 조천읍 교래리 산 137-1,오름,,
천아오름,천아오름,제주특별자치도 제주시 애월읍 광령리 산 182-1,오름,,
영아리,영아리,제주특별자치도 서귀포시 안덕면 상천리 산 24,오름,,
사려니,사려니,제주특별자치도 서귀포시 남원읍 한남리 산 2-1,오름,,
제주돌문화공원,제주돌문화공원,제주특별자치도 제주시 조천읍 남조로 2023 (우)63345,테마파크,,
스누피가든,스누피가든,제주특별자치도 제주시 구좌읍 금백조로 916 2층 (우)63355,테마파크,,
에코랜드테마파크,에코랜드테마파크,제주특별자치도 제주시 조천읍 번영로 1278-169 (우)63346,테마파크,,09:00 ~ 17:30
9.81파크,9.81파크,제주특별자치도 제주시 애월읍 천덕로 880-24 (우)63038,테마파크,,09:00 ~ 18:00
윈드1947카트테마파크,윈드1947카트테마파크,제주특별자치도 서귀포시 토평공단로 78-27 (우)63582,테마파크,,10:00 ~ 18:30
다이나믹메이즈 제주도성읍점,다이나믹메이즈 제주도성읍점,제주특별자치도 서귀포시 표선면 번영로 2644 (우)63624,테마파크,,10:00 ~ 18:00
루나폴,루나폴,제주특별자치도 서귀포시 안덕면 일주서로 1836 (우)63527,테마파크,,19:30 ~ 24:00
서프라이즈테마파크,서프라이즈테마파크,제주특별자치도 제주시 조천읍 남조로 2243 (우)63345,테마파크,,09:00 ~ 23:00
신화테마파크,신화테마파크,제주특별자치도 서귀포시 안덕면 신화역사로304번길 98 (우)63521,테마파크,,10:00 ~ 20:00
제주코코몽에코파크,제주코코몽에코파크,제주특별자치도 서귀포시 남원읍 태위로 536 (우)63620,테마파크,,10:00 ~ 18:00
제주 유리의성 (휴관중),제주 유리의성 (휴관중),제주특별자치도 제주시 한경면 녹차분재로 462 (우)63005,테마파크,,
바운스슈퍼파크 제주센터,바운스슈퍼파크 제주센터,제주특별자치도 제주시 연사6길 61 1층 (우)63145,테마파크,,10:00 ~ 19:00
액티브파크,액티브파크,제주특별자치도 제주시 한림읍 금능남로 76 (우)63016,테마파크,,09:30 ~ 18:00
퍼시픽리솜 마린스테이지,퍼시픽리솜 마린스테이지,제주특별자치도 서귀포시 중문관광로 154-17 (우)63535,테마파크,,
제주공룡랜드 (휴업중),제주공룡랜드 (휴업중),제주특별자치도 제주시 애월읍 광령평화2길 1 (우)63064,테마파크,,09:30 ~ 18:30
테디베어하우스 테지움 제주점,테디베어하우스 테지움 제주점,제주특별자치도 제주시 애월읍 평화로 2159 (우)63037,테마파크,,09:00 ~ 19:00
오늘은카트레이싱,오늘은카트레이싱,제주특별자치도 서귀포시 표선면 중산간동로 4776 (우)63624,테마파크,,09:30 ~ 17:30
세리월드,세리월드,제주특별자치도 서귀포시 법환상로2번길 97-17 (우)63572,테마파크,,
물의도시 베니스랜드,물의도시 베니스랜드,제주특별자치도 서귀포시 성산읍 서성일로 474 (우)63632,테마파크,,09:00 ~ 18:00
금능석물원,금능석물원,제주특별자치도 제주시 한림읍 한림로 176 (우)63010,테마파크,,08:30 ~ 18:00
제주센트럴파크,제주센트럴파크,제주특별자치도 제주시 조천읍 비자림로 606 (우)63346,테마파크,,08:30 ~ 18:00
신화워터파크,신화워터파크,제주특별자치도 서귀포시 안덕면 신화역사로304번길 38 (우)63522,워터테마파크,,12:00 ~ 20:00
성읍랜드,성읍랜드,제주특별자치도 서귀포시 표선면 번영로 2650 (우)63624,테마파크,,09:30 ~ 18:00
산방산랜드,산방산랜드,제주특별자치도 서귀포시 안덕면 사계리 117-2,테마파크,,09:00 ~ 19:00
훈데르트바서파크,훈데르트바서파크,제주특별자치도 제주시 우도면 우도해안길 32-12 (우)63365,테마파크,,09:30 ~ 18:00
노루생태관찰원,노루생태관찰원,제주특별자치도 제주시 명림로 520 (우)63313,테마파크시설,3.5점,09:00 ~ 18:00
무비랜드왁스뮤지엄 제주,무비랜드왁스뮤지엄 제주,제주특별자치도 서귀포시 중문관광로 205 (우)63546,테마파크,,01:00 ~ 18:00
휘닉스제주 글라스하우스,휘닉스제주 글라스하우스,제주특별자치도 서귀포시 성산읍 고성리 46,테마파크시설,,10:00 ~ 21:00
토이파크,토이파크,제주특별자치도 서귀포시 안덕면 동광로 267-7 (우)63523,테마파크,,09:00 ~ 20:00
런닝맨 제주점,런닝맨 제주점,제주특별자치도 서귀포시 중문관광로 42 (우)63535,테마파크,,10:00 ~ 19:00
고스트타운,고스트타운,제주특별자치도 제주시 애월읍 부룡수길 35-14 (우)63047,테마파크,,10:00 ~ 22:00
포레스트사파리,포레스트사파리,제주특별자치도 제주시 조천읍 선교로 474-1 (우)63341,테마파크,,09:00 ~ 17:30
중문미로파크,중문미로파크,제주특별자치도 서귀포시 일주서로 1225-5 (우)63537,테마파크,,
제주워터월드,제주워터월드,제주특별자치도 서귀포시 월드컵로 33 (우)63572,워터테마파크,,
제주거울미로 이상한나라의 앨리스,제주거울미로 이상한나라의 앨리스,제주특별자치도 서귀포시 안덕면 중산간서로 1881 (우)63522,테마파크,2.7점,09:00 ~ 19:00
히어로플레이파크 제주점,히어로플레이파크 제주점,제주특별자치도 제주시 과원로 128 2층 (우)63142,테마파크,,10:30 ~ 20:00
가시리 조랑말체험장,가시리 조랑말체험장,제주특별자치도 서귀포시 표선면 가시리 산 54-2,테마파크,,
남원용암해수풀장,남원용암해수풀장,제주특별자치도 서귀포시 남원읍 남태해안로 140 (우)63621,워터테마파크,5.0점,11:00 ~ 17:00
세리월드 카트레이싱,세리월드 카트레이싱,제주특별자치도 서귀포시 법환동 881-2,테마파크시설,,
제주루지테마파크,제주루지테마파크,제주특별자치도 서귀포시 안덕면 서광리 717-3,테마파크,,
무병장수테마파크,무병장수테마파크,제주특별자치도 제주시 애월읍 어음13길 196 (우)63038,테마파크,,09:00 ~ 18:00
마린파크,마린파크,제주특별자치도 서귀포시 안덕면 화순중앙로 132 (우)63530,테마파크,,09:30 ~ 18:30
금호리조트 제주아쿠아나,금호리조트 제주아쿠아나,제주특별자치도 서귀포시 남원읍 태위로 522-12 (우)63620,워터테마파크,,
휘닉스제주섭지코지 바람의언덕,휘닉스제주섭지코지 바람의언덕,제주특별자치도 서귀포시 성산읍 고성리 48,테마파크시설,,
펀테마파크,펀테마파크,제주특별자치도 제주시 조천읍 선교로 266-4 (우)63341,테마파크,,09:00 ~ 18:00
제주포크테마파크,제주포크테마파크,제주특별자치도 제주시 애월읍 평화로 2119 (우)63037,테마파크,,
다이노대발이파크 (휴업중),다이노대발이파크 (휴업중),제주특별자치도 서귀포시 남원읍 태위로 536 (우)63620,테마파크,3.6점,
남제주 나누리파크,남제주 나누리파크,제주특별자치도 서귀포시 안덕면 화순리 610,테마파크,5.0점,
고스트타운 고스트하우스,고스트타운 고스트하우스,제주특별자치도 제주시 애월읍 부룡수길 35-14 (우)63047,테마파크시설,,
휘닉스제주섭지코지 해안산책로,휘닉스제주섭지코지 해안산책로,제주특별자치도 서귀포시 성산읍 고성리 1,테마파크시설,,
제주러브랜드 도깨비광장,제주러브랜드 도깨비광장,제주특별자치도 제주시 1100로 2894-72 (우)63079,테마파크시설,,
렛츠런파크제주 아름다운승마장,렛츠런파크제주 아름다운승마장,제주특별자치도 제주시 애월읍 평화로 2144 (우)63066,테마파크시설,,
신화워터파크 실내워터파크동,신화워터파크 실내워터파크동,제주특별자치도 서귀포시 안덕면 신화역사로304번길 38 (우)63522,테마파크시설,,
이상한나라의앨리스 서광카트장,이상한나라의앨리스 서광카트장,제주특별자치도 서귀포시 안덕면 서광리 771,테마파크시설,,
선녀와나무꾼 테마공원 추억의영화마을,선녀와나무꾼 테마공원 추억의영화마을,제주특별자치도 제주시 조천읍 선교로 267 (우)63341,테마파크시설,,
제주드론파크,제주드론파크,제주특별자치도 제주시 조천읍 남조로 2109-36 (우)63345,테마파크,,
익스트림아일랜드,익스트림아일랜드,제주특별자치도 서귀포시 월드컵로 31 서귀포월드컵경기장 내 (우)63572,테마파크시설,,
아쿠아플라넷제주 오션데크,아쿠아플라넷제주 오션데크,제주특별자치도 서귀포시 성산읍 고성리 127-1,테마파크시설,,
렛츠런파크제주 매직포니,렛츠런파크제주 매직포니,제주특별자치도 제주시 애월읍 유수암리,테마파크시설,,
헤이파크,헤이파크,제주특별자치도 제주시 구좌읍 동복리 산 1,테마파크,,
스위스스토어,스위스스토어,제주특별자치도 제주시 조천읍 함와로 566-27 (우)63342,테마파크,3.0점,
휘닉스제주 불턱BBQ,휘닉스제주 불턱BBQ,제주특별자치도 서귀포시 성산읍 섭지코지로 107 (우)63642,테마파크시설,,
제주돌문화공원 돌하르방,제주돌문화공원 돌하르방,제주특별자치도 제주시 조천읍 교래리 산 117,테마파크시설,,
롯데호텔제주 플레이토피아,롯데호텔제주 플레이토피아,제주특별자치도 서귀포시 중문관광로72번길 35 6층 (우)63535,테마파크시설,,
제주애견공원,제주애견공원,제주특별자치도 제주시 애월읍 소길리 195,테마파크,,
제주도립미술관,제주도립미술관,제주특별자치도 제주시 1100로 2894-78 (우)63079,미술관,,
김영갑갤러리두모악,김영갑갤러리두모악,제주특별자치도 서귀포시 성산읍 삼달로 137 (우)63635,미술관,,09:30 ~ 18:00
이중섭미술관,이중섭미술관,제주특별자치도 서귀포시 이중섭로 27-3 (우)63595,미술관,,
제주현대미술관,제주현대미술관,제주특별자치도 제주시 한경면 저지14길 35 (우)63005,미술관,,
아르떼뮤지엄 제주,아르떼뮤지엄 제주,제주특별자치도 제주시 애월읍 어림비로 478 (우)63038,미술관,,10:00 ~ 20:00
산지천갤러리,산지천갤러리,제주특별자치도 제주시 중앙로3길 36 (우)63277,미술관,,
이룸갤러리,이룸갤러리,제주특별자치도 제주시 일주서로 7827-1 2층 (우)63116,미술관,,10:00 ~ 19:00
문화예술 공공수장고,문화예술 공공수장고,제주특별자치도 제주시 한경면 저지리 2114-1,미술관,,
루나피크닉,루나피크닉,제주특별자치도 서귀포시 안덕면 일주서로 1836 (우)63527,미술관,5.0점,09:00 ~ 18:30
갤러리2중선농원,갤러리2중선농원,제주특별자치도 제주시 영평길 269 (우)63311,미술관,5.0점,
사진말전문갤러리 마음빛그리미,사진말전문갤러리 마음빛그리미,제주특별자치도 서귀포시 남원읍 위미해안로 106 (우)63611,미술관,,09:00 ~ 20:00
제주현대미술관 분관,제주현대미술관 분관,제주특별자치도 제주시 한경면 저지12길 100 (우)63005,미술관,4.5점,
조아가지구,조아가지구,제주특별자치도 서귀포시 성산읍 난산로41번길 39-2 (우)63632,미술관,5.0점,
화가박서보의집,화가박서보의집,제주특별자치도 제주시 한경면 저지14길 25 (우)63005,미술관,,
우산미술관,우산미술관,제주특별자치도 제주시 구좌읍 번영로 2172-80 (우)63355,미술관,,
문화공간제주아트,문화공간제주아트,제주특별자치도 제주시 전농로 107 지하1층 (우)63179,미술관,,
에땅어린이미술관 제주정글센터,에땅어린이미술관 제주정글센터,제주특별자치도 제주시 연삼로 127-15 에코그린빌7차 106동 지하1층 (우)63148,미술관,5.0점,
물미술관,물미술관,제주특별자치도 서귀포시 안덕면 산록남로762번길 79 (우)63525,미술관,,
제주봄미술관,제주봄미술관,제주특별자치도 서귀포시 검은여로130번길 68-12 (우)63598,미술관,4.0점,
문화공간 양,문화공간 양,제주특별자치도 제주시 거로남6길 13 (우)63304,미술관,,12:00 ~ 18:00
바람섬갤러리,바람섬갤러리,제주특별자치도 서귀포시 남원읍 공천포로 25 (우)63612,미술관,2.4점,
유퉁의엉터리미술관,유퉁의엉터리미술관,제주특별자치도 서귀포시 남원읍 태수로 711 (우)63615,미술관,,
서담 미술관,서담 미술관,제주특별자치도 제주시 한경면 저지12길 102 (우)63005,미술관,5.0점,
전재현조천산방,전재현조천산방,제주특별자치도 제주시 조천읍 와흘상서1길 14-15 (우)63344,미술관,,
대왕 미술관,대왕 미술관,제주특별자치도 제주시 공설로5길 14 (우)63190,미술관,,
갤러리노리,갤러리노리,제주특별자치도 제주시 한림읍 용금로 891 (우)63017,미술관,,11:00 ~ 18:00
갤러리소이,갤러리소이,제주특별자치도 서귀포시 안덕면 산록남로 863 포도호텔 지하1층 (우)63525,미술관,5.0점,
갤러리 하샤마임,갤러리 하샤마임,제주특별자치도 제주시 청풍남8길 12-2 (우)63300,미술관,,
예술공감,예술공감,"제주특별자치도 제주시 관덕로 26 1, 2층 (우)63168",미술관,,10:00 ~ 22:00
리빙편집샵 오츠,리빙편집샵 오츠,제주특별자치도 제주시 조천읍 함덕리 72-12 B동 1층,미술관,,
제주러브랜드 백록미술관1관,제주러브랜드 백록미술관1관,제주특별자치도 제주시 연동 680-26,미술관,,09:00 ~ 24:00
자미진갤러리,자미진갤러리,제주특별자치도 제주시 간월동로 52 (우)63246,미술관,4.0점,09:30 ~ 18:00
갤러리데이지,갤러리데이지,제주특별자치도 제주시 한경면 저지12길 97-12 (우)63005,미술관,,
제주국제미술관,제주국제미술관,제주특별자치도 서귀포시 서호남로 65 2층 (우)63568,미술관,,
ICC제주갤러리,ICC제주갤러리,제주특별자치도 서귀포시 중문관광로 224 (우)63547,미술관,,
갤러리레브,갤러리레브,제주특별자치도 서귀포시 칠십리로658번길 27-13 2층 (우)63600,미술관,,10:00 ~ 18:30
돌미술관,돌미술관,제주특별자치도 서귀포시 안덕면 산록남로762번길 79 (우)63525,미술관,,
석화갤러리,석화갤러리,제주특별자치도 서귀포시 토평로50번길 9-14 (우)63603,미술관,,
갤러리여름,갤러리여름,제주특별자치도 제주시 애월읍 광상로 333-11 (우)63067,미술관,,
바람미술관,바람미술관,제주특별자치도 서귀포시 안덕면 산록남로762번길 79 (우)63525,미술관,,
한일갤러리,한일갤러리,제주특별자치도 제주시 신산로 103 (우)63274,미술관,,
99미술관,99미술관,제주특별자치도 서귀포시 김정문화로27번길 9-1 10층 (우)63566,미술관,,
피움갤러리,피움갤러리,제주특별자치도 제주시 한림읍 한림해안로 321 동덕여자대학교 제주연수원 1층 (우)63023,미술관,,
우도미술관,우도미술관,제주특별자치도 제주시 우도면 우도해안길 32-12 (우)63365,미술관,,
제주러브랜드 백록미술관2관,제주러브랜드 백록미술관2관,제주특별자치도 제주시 1100로 2894-72 (우)63079,미술관,,09:00 ~ 24:00
갤러리오늘,갤러리오늘,제주특별자치도 제주시 신대로18길 32 (우)63133,미술관,,
제주현대미술관 1평미술관,제주현대미술관 1평미술관,제주특별자치도 제주시 한경면 저지14길 35 (우)63005,미술관,,
수목원테마파크,수목원테마파크,제주특별자치도 제주시 은수길 69 (우)63141,"수목원,식물원",,09:00 ~ 19:00
이중섭미술관 주차장,이중섭미술관 주차장,제주특별자치도 서귀포시 서귀동 550,주차장,,
미술관옆동물농장,미술관옆동물농장,제주특별자치도 제주시 애월읍 평화로 2157 (우)63037,동물원,1.8점,09:00 ~ 18:00
성수미술관 제주특별점,성수미술관 제주특별점,제주특별자치도 제주시 구좌읍 해맞이해안로 1726 (우)63363,테마카페,,11:00 ~ 20:00
하도미술관,하도미술관,제주특별자치도 제주시 구좌읍 하도13길 25 (우)63363,카페,,11:00 ~ 21:00
김한미술관&카페3206,김한미술관&카페3206,제주특별자치도 제주시 한림읍 한상로 115 (우)63022,커피전문점,,10:00 ~ 20:00
초계미술관,초계미술관,제주특별자치도 제주시 애월읍 애월해안로 872 (우)63050,갤러리카페,5.0점,
자연사랑 가시리전시장,자연사랑 가시리전시장,제주특별자치도 서귀포시 표선면 가시로613번길 46 (우)63623,전시관,5.0점,10:00 ~ 18:00
이중섭미술관 창작스튜디오&공예공방,이중섭미술관 창작스튜디오&공예공방,제주특별자치도 서귀포시 이중섭로 33 (우)63595,"미술,공예",,
바당미술관바당갤러리,바당미술관바당갤러리,제주특별자치도 서귀포시 대정읍 노을해안로 98 (우)63504,카페,,
제주옹기숨미술관,제주옹기숨미술관,제주특별자치도 제주시 주르레길 55-19 (우)63077,"서비스,산업",,
현대미술관 공영 주차장,현대미술관 공영 주차장,제주특별자치도 제주시 한경면 저지14길 35 (우)63005,공영주차장,,
제주도립미술관 주차장,제주도립미술관 주차장,제주특별자치도 제주시 1100로 2894-78 (우)63079,주차장,,
제주현대미술관 전기차충전소,제주현대미술관 전기차충전소,제주특별자치도 제주시 한경면 저지리 2114-68 제주현대미술관 입구 주차장 D구역,전기자동차 충전소,5.0점,
라비미술관,라비미술관,제주특별자치도 제주시 구좌읍 월정중길 13 (우)63358,양식,,
제주도립미술관 전기차충전소,제주도립미술관 전기차충전소,제주특별자치도 제주시 연동 680-7,전기자동차 충전소,,
김창열미술관 전기차충전소,김창열미술관 전기차충전소,제주특별자치도 제주시 한림읍 월림리 115-173 미술관앞 주차장,전기자동차 충전소,,
제주도립미술관 주차장2,제주도립미술관 주차장2,제주특별자치도 제주시 1100로 2894-78 (우)63079,주차장,,
한라수목원,한라수목원,제주특별자치도 제주시 수목원길 72 (우)63143,"수목원,식물원",,09:00 ~ 21:00
여미지식물원,여미지식물원,제주특별자치도 서귀포시 중문관광로 93 중문관광단지 내 (우)63535,"수목원,식물원",,09:00 ~ 18:00
카멜리아힐,카멜리아힐,제주특별자치도 서귀포시 안덕면 병악로 166 (우)63526,"수목원,식물원",,08:30 ~ 18:30
한림공원,한림공원,제주특별자치도 제주시 한림읍 한림로 300 (우)63011,"수목원,식물원",,09:00 ~ 18:00
마노르블랑,마노르블랑,제주특별자치도 서귀포시 안덕면 일주서로2100번길 46 1층 (우)63527,"수목원,식물원",,09:00 ~ 18:30
솔트리감성수목원,솔트리감성수목원,제주특별자치도 제주시 구좌읍 번영로 2063 (우)63355,"수목원,식물원",1.0점,(우천 시 임시휴장일 경우 있으니 전화확인요망)
무명동백수목원,무명동백수목원,제주특별자치도 서귀포시 남원읍 위미리 934-1,"수목원,식물원",,00:00 ~ 24:00
한라생태숲 수생식물원,한라생태숲 수생식물원,제주특별자치도 제주시 516로 2596 (우)63312,"수목원,식물원",,
한림공원 야자수길,한림공원 야자수길,제주특별자치도 제주시 한림읍 한림로 300 (우)63011,"수목원,식물원",4.0점,
일출랜드 아열대식물원,일출랜드 아열대식물원,제주특별자치도 서귀포시 성산읍 중산간동로 4150-30 (우)63635,"수목원,식물원",,
한림공원 왕벚꽃동산,한림공원 왕벚꽃동산,제주특별자치도 제주시 한림읍 한림로 300 (우)63011,"수목원,식물원",,
한림공원 제주석분재원,한림공원 제주석분재원,제주특별자치도 제주시 한림읍 한림로 300 (우)63011,"수목원,식물원",4.0점,
한라수목원 수생식물원,한라수목원 수생식물원,제주특별자치도 제주시 수목원길 72 (우)63143,"수목원,식물원",,
식물원,식물원,제주특별자치도 서귀포시 칠십리로 242 (우)63599,"수목원,식물원",,
공공디자인아트,공공디자인아트,제주특별자치도 제주시 수목원길 65-6 (우)63143,"수목원,식물원",,
한라 수목원 관목원,한라 수목원 관목원,제주특별자치도 제주시 수목원길 72 (우)63143,"수목원,식물원",,
한라수목원 잔디광장,한라수목원 잔디광장,제주특별자치도 제주시 수목원길 72 (우)63143,"수목원,식물원",,
새별헤이요,새별헤이요,제주특별자치도 제주시 애월읍 평화로 1529 (우)63039,"수목원,식물원",,
방림원 방림동산,방림원 방림동산,제주특별자치도 제주시 한경면 용금로 864 (우)63005,"수목원,식물원",,
방림원 수생식물관,방림원 수생식물관,제주특별자치도 제주시 한경면 용금로 864 (우)63005,"수목원,식물원",,
방림원 백화동산,방림원 백화동산,제주특별자치도 제주시 한경면 저지리 15-3,"수목원,식물원",,
한라수목원 희귀특산수종원,한라수목원 희귀특산수종원,제주특별자치도 제주시 수목원길 72 (우)63143,"수목원,식물원",,
수목원길야시장,수목원길야시장,제주특별자치도 제주시 연동 1320-2,시장,,18:00 ~ 22:00
스누피가든,스누피가든,제주특별자치도 제주시 구좌읍 금백조로 916 2층 (우)63355,테마파크,,
수목원테마파크 아이스뮤지엄,수목원테마파크 아이스뮤지엄,제주특별자치도 제주시 은수길 69 (우)63141,박물관,,09:00 ~ 21:00
수목원삼계탕,수목원삼계탕,제주특별자치도 제주시 연화로 57 (우)63140,삼계탕,,10:00 ~ 22:00
동백수목원 주차장,동백수목원 주차장,제주특별자치도 서귀포시 남원읍 위미리 931-1,주차장,,
한라수목원입구사거리,한라수목원입구사거리,제주특별자치도 제주시 노형동,교차로,,
한라수목원 공영주차장,한라수목원 공영주차장,제주특별자치도 제주시 연동 998,공영주차장,,
수목원소아치과치과의원,수목원소아치과치과의원,제주특별자치도 제주시 수목원길 12 1층 (우)63091,치과,,14:00 ~ 18:30
제주동백수목원 제2주차장,제주동백수목원 제2주차장,제주특별자치도 서귀포시 남원읍 위미리 897-5,주차장,,
수목원집밥,수목원집밥,제주특별자치도 제주시 삼무로 82 (우)63124,한정식,,08:00 ~ 21:00
수목원길,수목원길,제주특별자치도 제주시 은수길 65 (우)63141,테마거리,,
상효원수목원 캠핑장,상효원수목원 캠핑장,제주특별자치도 서귀포시 상효동 1562,"야영,캠핑장",,
수목원하늘그린,수목원하늘그린,제주특별자치도 제주시 수목원길 30 (우)63141,"빌라,연립주택",,
수목원테마파크 수목원길,수목원테마파크 수목원길,제주특별자치도 제주시 은수길 69 (우)63141,푸드코트,,18:00 ~ 22:00
수목원YJ빌딩,수목원YJ빌딩,제주특별자치도 제주시 1100로 3178 (우)63091,"상가,아케이드",,
한라수목원 죽림원,한라수목원 죽림원,제주특별자치도 제주시 수목원길 72 (우)63143,관광지관리운영,,
한라수목원 자연생태학습관,한라수목원 자연생태학습관,제주특별자치도 제주시 수목원길 72 (우)63143,관광지관리운영,,
한라수목원 온실,한라수목원 온실,제주특별자치도 제주시 수목원길 72 (우)63143,관광지부속시설,,
수목원그린빌,수목원그린빌,제주특별자치도 제주시 은수길 7-1 (우)63141,"빌라,연립주택",,
한라수목원 화장실,한라수목원 화장실,제주특별자치도 제주시 연동 992,화장실,,
수목원,수목원,제주특별자치도 제주시 은수길 69 (우)63141,기업,,
상효원수목원 꽃의정원,상효원수목원 꽃의정원,제주특별자치도 서귀포시 상효동 1568,관광지부속시설,,
수목원길,수목원길,제주특별자치도 제주시 연화남길 10 2동 1층 (우)63141,국수,,
한라수목원 장미원,한라수목원 장미원,제주특별자치도 제주시 수목원길 72 (우)63143,관광지관리운영,,
수목원안트레빌,수목원안트레빌,제주특별자치도 제주시 수목원길 16-16 (우)63091,"빌라,연립주택",,
상효원수목원 카페테리아,상효원수목원 카페테리아,제주특별자치도 서귀포시 상효동 산 28-2,카페,5.0점,
수목원룸,수목원룸,제주특별자치도 제주시 은남2길 28 (우)63124,"빌라,연립주택",,
수목원KH빌,수목원KH빌,제주특별자치도 제주시 은수길 7-12 (우)63141,"빌라,연립주택",,
상효원수목원 식물자연연구소,상효원수목원 식물자연연구소,제주특별자치도 서귀포시 상효동 1566-1,연구소,,
수목원테마파크 전기차충전소,수목원테마파크 전기차충전소,제주특별자치도 제주시 은수길 69 (우)63141,전기자동차 충전소,1.0점,
수목원빌딩,수목원빌딩,제주특별자치도 제주시 1100로 3136 (우)63091,빌딩,,
수목원 YJ빌딩 전기차충전소,수목원 YJ빌딩 전기차충전소,제주특별자치도 제주시 노형동 103-5,전기자동차 충전소,,
수목원골프연습장,수목원골프연습장,제주특별자치도 제주시 1100로 3114 (우)63091,스포츠시설,,
한라수목원 만목원,한라수목원 만목원,제주특별자치도 제주시 수목원길 72 (우)63143,관광지관리운영,,
한라수목원 도외수종원,한라수목원 도외수종원,제주특별자치도 제주시 수목원길 65-6 (우)63143,관광지관리운영,,
한라수목원 산림욕장,한라수목원 산림욕장,제주특별자치도 제주시 연동 산 62,관광지관리운영,,
한라수목원 초본원,한라수목원 초본원,제주특별자치도 제주시 수목원길 72 (우)63143,관광지관리운영,,
한라수목원 교목원,한라수목원 교목원,제주특별자치도 제주시 수목원길 72 (우)63143,관광지관리운영,,
한라수목원 관목원,한라수목원 관목원,제주특별자치도 제주시 연동 62,관광지관리운영,,
한라수목원(자연생태학습관) 전기차충전소,한라수목원(자연생태학습관) 전기차충전소,제주특별자치도 제주시 수목원길 72 (우)63143,전기자동차 충전소,3.0점,
한라수목원 약식용원,한라수목원 약식용원,제주특별자치도 제주시 수목원길 72 (우)63143,관광지관리운영,,
한라수목원 난전시실,한라수목원 난전시실,제주특별자치도 제주시 수목원길 72 (우)63143,관광지관리운영,,
한라 수목원 희귀특산수종원,한라 수목원 희귀특산수종원,제주특별자치도 제주시 수목원길 72 (우)63143,관광지관리운영,,
스누피가든,스누피가든,제주특별자치도 제주시 구좌읍 금백조로 916 2층 (우)63355,테마파크,,
에코랜드테마파크,에코랜드테마파크,제주특별자치도 제주시 조천읍 번영로 1278-169 (우)63346,테마파크,,09:00 ~ 17:30
9.81파크,9.81파크,제주특별자치도 제주시 애월읍 천덕로 880-24 (우)63038,테마파크,,09:00 ~ 18:00
윈드1947카트테마파크,윈드1947카트테마파크,제주특별자치도 서귀포시 토평공단로 78-27 (우)63582,테마파크,,10:00 ~ 18:30
뽀로로앤타요테마파크 제주,뽀로로앤타요테마파크 제주,제주특별자치도 서귀포시 안덕면 병악로 269 (우)63526,테마파크,,10:00 ~ 18:00
다이나믹메이즈 제주도성읍점,다이나믹메이즈 제주도성읍점,제주특별자치도 서귀포시 표선면 번영로 2644 (우)63624,테마파크,,10:00 ~ 18:00
루나폴,루나폴,제주특별자치도 서귀포시 안덕면 일주서로 1836 (우)63527,테마파크,,19:30 ~ 24:00
서프라이즈테마파크,서프라이즈테마파크,제주특별자치도 제주시 조천읍 남조로 2243 (우)63345,테마파크,,09:00 ~ 23:00
신화테마파크,신화테마파크,제주특별자치도 서귀포시 안덕면 신화역사로304번길 98 (우)63521,테마파크,,10:00 ~ 20:00
제주코코몽에코파크,제주코코몽에코파크,제주특별자치도 서귀포시 남원읍 태위로 536 (우)63620,테마파크,,10:00 ~ 18:00
제주 유리의성 (휴관중),제주 유리의성 (휴관중),제주특별자치도 제주시 한경면 녹차분재로 462 (우)63005,테마파크,,
바운스슈퍼파크 제주센터,바운스슈퍼파크 제주센터,제주특별자치도 제주시 연사6길 61 1층 (우)63145,테마파크,,10:00 ~ 19:00
액티브파크,액티브파크,제주특별자치도 제주시 한림읍 금능남로 76 (우)63016,테마파크,,09:30 ~ 18:00
퍼시픽리솜 마린스테이지,퍼시픽리솜 마린스테이지,제주특별자치도 서귀포시 중문관광로 154-17 (우)63535,테마파크,,
제주공룡랜드 (휴업중),제주공룡랜드 (휴업중),제주특별자치도 제주시 애월읍 광령평화2길 1 (우)63064,테마파크,,09:30 ~ 18:30
테디베어하우스 테지움 제주점,테디베어하우스 테지움 제주점,제주특별자치도 제주시 애월읍 평화로 2159 (우)63037,테마파크,,09:00 ~ 19:00
오늘은카트레이싱,오늘은카트레이싱,제주특별자치도 서귀포시 표선면 중산간동로 4776 (우)63624,테마파크,,09:30 ~ 17:30
세리월드,세리월드,제주특별자치도 서귀포시 법환상로2번길 97-17 (우)63572,테마파크,,
물의도시 베니스랜드,물의도시 베니스랜드,제주특별자치도 서귀포시 성산읍 서성일로 474 (우)63632,테마파크,,09:00 ~ 18:00
금능석물원,금능석물원,제주특별자치도 제주시 한림읍 한림로 176 (우)63010,테마파크,,08:30 ~ 18:00
제주센트럴파크,제주센트럴파크,제주특별자치도 제주시 조천읍 비자림로 606 (우)63346,테마파크,,08:30 ~ 18:00
신화워터파크,신화워터파크,제주특별자치도 서귀포시 안덕면 신화역사로304번길 38 (우)63522,워터테마파크,,12:00 ~ 20:00
성읍랜드,성읍랜드,제주특별자치도 서귀포시 표선면 번영로 2650 (우)63624,테마파크,,09:30 ~ 18:00
산방산랜드,산방산랜드,제주특별자치도 서귀포시 안덕면 사계리 117-2,테마파크,,09:00 ~ 19:00
훈데르트바서파크,훈데르트바서파크,제주특별자치도 제주시 우도면 우도해안길 32-12 (우)63365,테마파크,,09:30 ~ 18:00
노루생태관찰원,노루생태관찰원,제주특별자치도 제주시 명림로 520 (우)63313,테마파크시설,3.5점,09:00 ~ 18:00
무비랜드왁스뮤지엄 제주,무비랜드왁스뮤지엄 제주,제주특별자치도 서귀포시 중문관광로 205 (우)63546,테마파크,,01:00 ~ 18:00
휘닉스제주 글라스하우스,휘닉스제주 글라스하우스,제주특별자치도 서귀포시 성산읍 고성리 46,테마파크시설,,10:00 ~ 21:00
토이파크,토이파크,제주특별자치도 서귀포시 안덕면 동광로 267-7 (우)63523,테마파크,,09:00 ~ 20:00
런닝맨 제주점,런닝맨 제주점,제주특별자치도 서귀포시 중문관광로 42 (우)63535,테마파크,,10:00 ~ 19:00
고스트타운,고스트타운,제주특별자치도 제주시 애월읍 부룡수길 35-14 (우)63047,테마파크,,10:00 ~ 22:00
포레스트사파리,포레스트사파리,제주특별자치도 제주시 조천읍 선교로 474-1 (우)63341,테마파크,,09:00 ~ 17:30
중문미로파크,중문미로파크,제주특별자치도 서귀포시 일주서로 1225-5 (우)63537,테마파크,,
제주워터월드,제주워터월드,제주특별자치도 서귀포시 월드컵로 33 (우)63572,워터테마파크,,
제주거울미로 이상한나라의 앨리스,제주거울미로 이상한나라의 앨리스,제주특별자치도 서귀포시 안덕면 중산간서로 1881 (우)63522,테마파크,2.7점,09:00 ~ 19:00
히어로플레이파크 제주점,히어로플레이파크 제주점,제주특별자치도 제주시 과원로 128 2층 (우)63142,테마파크,,10:30 ~ 20:00
가시리 조랑말체험장,가시리 조랑말체험장,제주특별자치도 서귀포시 표선면 가시리 산 54-2,테마파크,,
남원용암해수풀장,남원용암해수풀장,제주특별자치도 서귀포시 남원읍 남태해안로 140 (우)63621,워터테마파크,5.0점,11:00 ~ 17:00
세리월드 카트레이싱,세리월드 카트레이싱,제주특별자치도 서귀포시 법환동 881-2,테마파크시설,,
제주루지테마파크,제주루지테마파크,제주특별자치도 서귀포시 안덕면 서광리 717-3,테마파크,,
무병장수테마파크,무병장수테마파크,제주특별자치도 제주시 애월읍 어음13길 196 (우)63038,테마파크,,09:00 ~ 18:00
마린파크,마린파크,제주특별자치도 서귀포시 안덕면 화순중앙로 132 (우)63530,테마파크,,09:30 ~ 18:30
금호리조트 제주아쿠아나,금호리조트 제주아쿠아나,제주특별자치도 서귀포시 남원읍 태위로 522-12 (우)63620,워터테마파크,,
휘닉스제주섭지코지 바람의언덕,휘닉스제주섭지코지 바람의언덕,제주특별자치도 서귀포시 성산읍 고성리 48,테마파크시설,,
펀테마파크,펀테마파크,제주특별자치도 제주시 조천읍 선교로 266-4 (우)63341,테마파크,,09:00 ~ 18:00
제주포크테마파크,제주포크테마파크,제주특별자치도 제주시 애월읍 평화로 2119 (우)63037,테마파크,,
다이노대발이파크 (휴업중),다이노대발이파크 (휴업중),제주특별자치도 서귀포시 남원읍 태위로 536 (우)63620,테마파크,3.6점,
남제주 나누리파크,남제주 나누리파크,제주특별자치도 서귀포시 안덕면 화순리 610,테마파크,5.0점,
고스트타운 고스트하우스,고스트타운 고스트하우스,제주특별자치도 제주시 애월읍 부룡수길 35-14 (우)63047,테마파크시설,,
휘닉스제주섭지코지 해안산책로,휘닉스제주섭지코지 해안산책로,제주특별자치도 서귀포시 성산읍 고성리 1,테마파크시설,,
제주러브랜드 도깨비광장,제주러브랜드 도깨비광장,제주특별자치도 제주시 1100로 2894-72 (우)63079,테마파크시설,,
렛츠런파크제주 아름다운승마장,렛츠런파크제주 아름다운승마장,제주특별자치도 제주시 애월읍 평화로 2144 (우)63066,테마파크시설,,
신화워터파크 실내워터파크동,신화워터파크 실내워터파크동,제주특별자치도 서귀포시 안덕면 신화역사로304번길 38 (우)63522,테마파크시설,,
이상한나라의앨리스 서광카트장,이상한나라의앨리스 서광카트장,제주특별자치도 서귀포시 안덕면 서광리 771,테마파크시설,,
선녀와나무꾼 테마공원 추억의영화마을,선녀와나무꾼 테마공원 추억의영화마을,제주특별자치도 제주시 조천읍 선교로 267 (우)63341,테마파크시설,,
제주드론파크,제주드론파크,제주특별자치도 제주시 조천읍 남조로 2109-36 (우)63345,테마파크,,
익스트림아일랜드,익스트림아일랜드,제주특별자치도 서귀포시 월드컵로 31 서귀포월드컵경기장 내 (우)63572,테마파크시설,,
아쿠아플라넷제주 오션데크,아쿠아플라넷제주 오션데크,제주특별자치도 서귀포시 성산읍 고성리 127-1,테마파크시설,,
렛츠런파크제주 매직포니,렛츠런파크제주 매직포니,제주특별자치도 제주시 애월읍 유수암리,테마파크시설,,
헤이파크,헤이파크,제주특별자치도 제주시 구좌읍 동복리 산 1,테마파크,,
스위스스토어,스위스스토어,제주특별자치도 제주시 조천읍 함와로 566-27 (우)63342,테마파크,3.0점,
휘닉스제주 불턱BBQ,휘닉스제주 불턱BBQ,제주특별자치도 서귀포시 성산읍 섭지코지로 107 (우)63642,테마파크시설,,
제주돌문화공원 돌하르방,제주돌문화공원 돌하르방,제주특별자치도 제주시 조천읍 교래리 산 117,테마파크시설,,
롯데호텔제주 플레이토피아,롯데호텔제주 플레이토피아,제주특별자치도 서귀포시 중문관광로72번길 35 6층 (우)63535,테마파크시설,,
제주애견공원,제주애견공원,제주특별자치도 제주시 애월읍 소길리 195,테마파크,,
원앤온리,원앤온리,제주특별자치도 서귀포시 안덕면 산방로 141 원앤온리 (우)63528,카페,,09:00 ~ 20:00
우무,우무,제주특별자치도 제주시 한림읍 한림로 542-1 가동 1층 (우)63012,디저트카페,,09:00 ~ 20:00
델문도,델문도,제주특별자치도 제주시 조천읍 조함해안로 519-10 1층 (우)63333,카페,,07:00 ~ 24:00
더클리프,더클리프,제주특별자치도 서귀포시 중문관광로 154-17 (우)63535,카페,,10:00 ~ 01:00
카페나모나모,카페나모나모,제주특별자치도 제주시 도두봉6길 4 1~4층 (우)63112,디저트카페,,08:30 ~ 23:00
오르다,오르다,제주특별자치도 서귀포시 성산읍 한도로 269-37 (우)63643,카페,,09:00 ~ 21:30
공백,공백,제주특별자치도 제주시 구좌읍 동복로 83 (우)63347,카페,,09:30 ~ 18:30
뷰스트,뷰스트,제주특별자치도 서귀포시 안덕면 형제해안로 30 (우)63528,카페,,10:00 ~ 21:00
베케,베케,제주특별자치도 서귀포시 효돈로 54 (우)63605,디저트카페,,10:00 ~ 18:00
몽상드애월,몽상드애월,제주특별자치도 제주시 애월읍 애월북서길 56-1 (우)63043,카페,,11:00 ~ 19:30
명월국민학교,명월국민학교,제주특별자치도 제주시 한림읍 명월로 48 (우)63014,카페,,11:00 ~ 19:00
커피템플,커피템플,제주특별자치도 제주시 영평길 269 1층 (우)63311,카페,,09:00 ~ 18:00
외도339,외도339,제주특별자치도 제주시 일주서로 7345 1층 (우)63068,카페,,09:00 ~ 22:00
하이엔드제주,하이엔드제주,제주특별자치도 제주시 애월읍 애월북서길 56 (우)63043,디저트카페,,09:00 ~ 22:00
카페서연의집,카페서연의집,제주특별자치도 서귀포시 남원읍 위미해안로 86 (우)63611,카페,,10:00 ~ 19:00
라토커피제주,라토커피제주,제주특별자치도 제주시 광양10길 20 (우)63207,카페,,11:00 ~ 23:00
카페라라라,카페라라라,제주특별자치도 제주시 구좌읍 해맞이해안로 1430 1층 (우)63361,카페,,10:00 ~ 21:00
아줄레주,아줄레주,제주특별자치도 서귀포시 성산읍 신풍하동로19번길 59 나동 (우)63636,카페,,11:00 ~ 19:00
앤트러사이트 제주한림점,앤트러사이트 제주한림점,제주특별자치도 제주시 한림읍 한림로 564 (우)63013,커피전문점,,09:00 ~ 18:00
보롬왓카페,보롬왓카페,제주특별자치도 서귀포시 표선면 번영로 2350-104 (우)63624,카페,,09:00 ~ 18:00
섬타르,섬타르,제주특별자치도 제주시 다랑곶1길 9 (우)63098,디저트카페,,10:00 ~ 22:30
커피파인더,커피파인더,제주특별자치도 제주시 서광로32길 20 1층 (우)63207,커피전문점,,10:00 ~ 22:00
꽃이피다앤블라썸,꽃이피다앤블라썸,제주특별자치도 서귀포시 남성로 136 1층 (우)63594,카페,,08:00 ~ 22:00
커피스케치,커피스케치,제주특별자치도 서귀포시 안덕면 사계남로216번길 24-32 (우)63528,카페,,10:00 ~ 18:30
제주바솔트,제주바솔트,제주특별자치도 제주시 가령골3길 6 1층 (우)63214,디저트카페,,10:00 ~ 19:00
미스틱3도,미스틱3도,"제주특별자치도 제주시 1100로 2894-49 1,2층 (우)63079",카페,,08:30 ~ 20:00
인그리드,인그리드,제주특별자치도 제주시 서해안로 64 (우)63108,카페,,11:00 ~ 18:00
클랭블루,클랭블루,제주특별자치도 제주시 한경면 한경해안로 552-22 (우)63002,디저트카페,,11:00 ~ 20:00
마마롱,마마롱,제주특별자치도 제주시 애월읍 평화로 2783 (우)63062,디저트카페,,
블랑로쉐,블랑로쉐,제주특별자치도 제주시 우도면 우도해안길 783 (우)63365,카페,,11:00 ~ 17:00
마음에온,마음에온,제주특별자치도 제주시 칠성로길 29-1 1층 (우)63277,디저트카페,,10:00 ~ 20:00
마틸다,마틸다,제주특별자치도 제주시 애월읍 고내1길 33 1층 (우)63045,카페,,18:00 ~ 01:00
브와두스 베이커리카페 연동점,브와두스 베이커리카페 연동점,제주특별자치도 제주시 국기로 35 (우)63139,디저트카페,,08:00 ~ 23:00
벙커하우스,벙커하우스,제주특별자치도 서귀포시 막숙포로41번길 66 1층 (우)63573,카페,,09:00 ~ 21:00
우무 2호점,우무 2호점,제주특별자치도 제주시 관덕로8길 40-1 (우)63169,디저트카페,,09:00 ~ 20:00
도렐 제주본점,도렐 제주본점,제주특별자치도 서귀포시 성산읍 동류암로 20 플레이스 Love동 1층 (우)63640,카페,,08:30 ~ 20:30
레이지펌프,레이지펌프,제주특별자치도 제주시 애월읍 애월북서길 32 (우)63043,카페,,09:00 ~ 20:00
비브레이브커피로스터즈,비브레이브커피로스터즈,제주특별자치도 서귀포시 서호중앙로 85-13 1층 (우)63568,커피전문점,,09:00 ~ 22:00
제레미,제레미,제주특별자치도 제주시 애월읍 애월로 106-1 (우)63043,카페,,
썬셋클리프,썬셋클리프,제주특별자치도 제주시 애월읍 애월로1길 19-8 (우)63043,카페,,10:00 ~ 24:00
카페한라산,카페한라산,제주특별자치도 제주시 구좌읍 면수1길 48 (우)63362,카페,,09:30 ~ 21:00
니모메,니모메,제주특별자치도 제주시 일주서로 7335-8 (우)63068,커피전문점,,10:00 ~ 20:00
쪼끌락,쪼끌락,제주특별자치도 제주시 구좌읍 김녕로21길 21 (우)63357,카페,,10:30 ~ 18:30
카페블루 하우스 제주점,카페블루 하우스 제주점,제주특별자치도 제주시 노형5길 11 1층 (우)63088,카페,,09:00 ~ 19:00
미쿠니,미쿠니,제주특별자치도 제주시 서흘길 41 1층 (우)63314,카페,,10:00 ~ 22:00
쉼표,쉼표,제주특별자치도 제주시 한림읍 한림로 359 (우)63011,카페,,09:30 ~ 21:00
당당,당당,제주특별자치도 제주시 애월읍 중엄안1길 25 (우)63047,카페,,
북촌에가면,북촌에가면,제주특별자치도 제주시 조천읍 북촌5길 6 (우)63339,카페,,
돌카롱 제주공항점,돌카롱 제주공항점,제주특별자치도 제주시 서광로2길 27-2 (우)63188,디저트카페,,10:00 ~ 18:00
허니문하우스,허니문하우스,제주특별자치도 서귀포시 칠십리로 228-13 (우)63599,카페,,10:00 ~ 18:30
베메로,베메로,제주특별자치도 서귀포시 중문관광로72번길 29-5 신우성타운 라동 (우)63535,카페,,09:00 ~ 22:00
본카페 애월,본카페 애월,"제주특별자치도 제주시 애월읍 애월해안로 179 1,2층 (우)63045",카페,,
오늘은녹차한잔,오늘은녹차한잔,제주특별자치도 서귀포시 표선면 중산간동로 4772 (우)63624,카페,,09:00 ~ 18:00
지금이순간,지금이순간,제주특별자치도 제주시 애월읍 애월로 15-1 (우)63043,카페,,09:30 ~ 20:00
스타벅스 제주용담DT점,스타벅스 제주용담DT점,제주특별자치도 제주시 서해안로 380 1층 (우)63115,스타벅스,,07:30 ~ 22:00
카페록록,카페록록,제주특별자치도 제주시 구좌읍 하도서문길 41 1층 (우)63363,카페,,
카페더콘테나,카페더콘테나,제주특별자치도 제주시 조천읍 함와로 513 (우)63342,카페,,
머문,머문,제주특별자치도 제주시 구좌읍 해맞이해안로 460 2층 (우)63358,카페,,10:00 ~ 20:30
구좌상회,구좌상회,제주특별자치도 제주시 조천읍 선교로 198-5 (우)63340,디저트카페,,10:30 ~ 18:30
스타벅스 제주애월DT점,스타벅스 제주애월DT점,제주특별자치도 제주시 애월읍 애월해안로 376 (우)63046,스타벅스,,07:30 ~ 21:00
모래비 커피로스터스 & 베이커리,모래비 커피로스터스 & 베이커리,제주특별자치도 제주시 구좌읍 해맞이해안로 462 모래비카페 (우)63358,커피전문점,,09:00 ~ 21:00
와토커피,와토커피,제주특별자치도 서귀포시 대정읍 동일하모로 238 (우)63508,카페,,08:00 ~ 18:30
카페바나나 함덕점,카페바나나 함덕점,제주특별자치도 제주시 조천읍 신북로 491-9 3층 (우)63333,카페,,11:00 ~ 20:00
슬랩,슬랩,제주특별자치도 제주시 한림읍 한림로 354 2층 (우)63011,카페,,10:00 ~ 21:00
스타벅스 제주중문점,스타벅스 제주중문점,제주특별자치도 서귀포시 중문관광로110번길 32 (우)63535,스타벅스,,08:00 ~ 21:00
신화워터파크,신화워터파크,제주특별자치도 서귀포시 안덕면 신화역사로304번길 38 (우)63522,워터테마파크,,12:00 ~ 20:00
제주워터월드,제주워터월드,제주특별자치도 서귀포시 월드컵로 33 (우)63572,워터테마파크,,
남원용암해수풀장,남원용암해수풀장,제주특별자치도 서귀포시 남원읍 남태해안로 140 (우)63621,워터테마파크,5.0점,11:00 ~ 17:00
금호리조트 제주아쿠아나,금호리조트 제주아쿠아나,제주특별자치도 서귀포시 남원읍 태위로 522-12 (우)63620,워터테마파크,,
월정뷰게스트하우스&코난해변물놀이용품대여점,월정뷰게스트하우스&코난해변물놀이용품대여점,"제주특별자치도 제주시 구좌읍 월정1길 70-6 2,3층 (우)63358",게스트하우스,,10:00 ~ 22:00
메종글래드제주,메종글래드제주,제주특별자치도 제주시 노연로 80 (우)63132,특급호텔,,
롯데시티호텔 제주,롯데시티호텔 제주,제주특별자치도 제주시 도령로 83 (우)63127,특급호텔,,
제주신화월드 서머셋,제주신화월드 서머셋,제주특별자치도 서귀포시 안덕면 신화역사로304번길 89 (우)63522,특급호텔,,
호텔리젠트마린,호텔리젠트마린,제주특별자치도 제주시 서부두2길 20 (우)63276,호텔,,
김녕해수욕장,김녕해수욕장,제주특별자치도 제주시 구좌읍 해맞이해안로 7-6 (우)63357,"해수욕장,해변",4.5점,
곽지해수욕장,곽지해수욕장,제주특별자치도 제주시 애월읍 곽지리 1565,"해수욕장,해변",4.5점,
해비치 호텔&리조트 제주,해비치 호텔&리조트 제주,제주특별자치도 서귀포시 표선면 민속해안로 537 (우)63629,호텔,,
월정리해수욕장,월정리해수욕장,제주특별자치도 제주시 구좌읍 월정리 33-3,"해수욕장,해변",4.1점,
호텔시리우스,호텔시리우스,제주특별자치도 제주시 도령로 133 (우)63126,호텔,,
사계해변,사계해변,제주특별자치도 서귀포시 안덕면 사계리,"해수욕장,해변",4.1점,
세화해변,세화해변,제주특별자치도 제주시 구좌읍 해녀박물관길 27 (우)63361,"해수욕장,해변",4.5점,
금능해수욕장,금능해수욕장,제주특별자치도 제주시 한림읍 금능길 119-10 (우)63010,"해수욕장,해변",4.8점,
유탑유블레스호텔 제주,유탑유블레스호텔 제주,제주특별자치도 제주시 조천읍 조함해안로 502 (우)63333,호텔,,
광치기해변,광치기해변,제주특별자치도 서귀포시 성산읍 고성리 224-33,"해수욕장,해변",4.5점,
제주부영호텔앤리조트,제주부영호텔앤리조트,제주특별자치도 서귀포시 중문관광로 222 (우)63547,호텔,,
표선해수욕장,표선해수욕장,제주특별자치도 서귀포시 표선면 표선리,"해수욕장,해변",4.5점,
중문색달해수욕장,중문색달해수욕장,제주특별자치도 서귀포시 색달동 3039,"해수욕장,해변",4.1점,
제주신화월드 랜딩관,제주신화월드 랜딩관,제주특별자치도 서귀포시 안덕면 신화역사로304번길 38 (우)63522,특급호텔,,
골든튤립제주성산호텔,골든튤립제주성산호텔,제주특별자치도 서귀포시 성산읍 일출로 31 (우)63640,특급호텔,,
한담해변,한담해변,제주특별자치도 제주시 애월읍 애월리,"해수욕장,해변",3.3점,
탐라스테이호텔제주,탐라스테이호텔제주,제주특별자치도 제주시 애월읍 애월해안로 881 (우)63050,호텔,,
황우지해안,황우지해안,제주특별자치도 서귀포시 천지동 765-7,"해수욕장,해변",4.2점,
그라벨호텔제주,그라벨호텔제주,제주특별자치도 제주시 일주서로 7316 (우)63069,호텔,,
히든클리프호텔&네이쳐,히든클리프호텔&네이쳐,제주특별자치도 서귀포시 예래해안로 542 (우)63536,호텔,,
엉덩물계곡,엉덩물계곡,제주특별자치도 서귀포시 색달동 3384-4,계곡,3.9점,
유니호텔 앤 풀빌라,유니호텔 앤 풀빌라,제주특별자치도 제주시 애월읍 애월해안로 656 (우)63049,호텔,,00:00 ~ 24:00
제주신라호텔,제주신라호텔,제주특별자치도 서귀포시 중문관광로72번길 75 (우)63535,신라호텔,,00:00 ~ 24:00
제주신화월드 신화관,제주신화월드 신화관,제주특별자치도 서귀포시 안덕면 신화역사로304번길 38 (우)63522,특급호텔,,
WE호텔,WE호텔,제주특별자치도 서귀포시 1100로 453-95 (우)63551,호텔,,
코델리아S호텔,코델리아S호텔,제주특별자치도 서귀포시 성산읍 일주동로 4186 (우)63639,호텔,,
코업시티호텔 하버뷰,코업시티호텔 하버뷰,제주특별자치도 서귀포시 남원읍 태위로 108 (우)63611,호텔,,
삼양해수욕장,삼양해수욕장,제주특별자치도 제주시 삼양이동 1960-4,"해수욕장,해변",4.5점,
캠퍼트리 호텔앤리조트,캠퍼트리 호텔앤리조트,제주특별자치도 제주시 해안마을서4길 100 (우)63077,호텔,,
토스카나호텔,토스카나호텔,제주특별자치도 서귀포시 용흥로66번길 158-7 (우)63556,호텔,,00:00 ~ 24:00
다인오세아노호텔,다인오세아노호텔,제주특별자치도 제주시 애월읍 애월해안로 394 (우)63046,호텔,,00:00 ~ 24:00
제주신화월드 메리어트관,제주신화월드 메리어트관,제주특별자치도 서귀포시 안덕면 신화역사로304번길 38 (우)63522,특급호텔,3.5점,
휘슬락호텔,휘슬락호텔,제주특별자치도 제주시 서부두2길 26 (우)63276,호텔,,
블루하와이리조트,블루하와이리조트,제주특별자치도 제주시 한림읍 한림로 77 (우)63010,"콘도,리조트",,
에코그린리조트,에코그린리조트,제주특별자치도 제주시 한림읍 귀덕6길 94 (우)63024,"콘도,리조트",,
마레보리조트,마레보리조트,제주특별자치도 제주시 애월읍 신엄안3길 135 (우)63046,"콘도,리조트",,
더포그레이스호텔앤리조트,더포그레이스호텔앤리조트,제주특별자치도 서귀포시 성산읍 해맞이해안로 2670 (우)63638,"콘도,리조트",,
판포포구,판포포구,제주특별자치도 제주시 한경면 판포리,"항구,포구",3.7점,
파르나스호텔 제주,파르나스호텔 제주,제주특별자치도 서귀포시 중문관광로72번길 100 (우)63535,호텔,,00:00 ~ 24:00
스위트호텔 제주점,스위트호텔 제주점,제주특별자치도 서귀포시 중문관광로72번길 67 (우)63535,호텔,,00:00 ~ 24:00
안덕계곡,안덕계곡,제주특별자치도 서귀포시 안덕면 감산리 1946,계곡,4.0점,
아이미제주비치호텔,아이미제주비치호텔,제주특별자치도 제주시 조천읍 조함해안로 474 (우)63333,호텔,,
아이브리조트,아이브리조트,제주특별자치도 서귀포시 산록남로 1966-34 (우)63556,"콘도,리조트",,
에벤에셀호텔,에벤에셀호텔,제주특별자치도 제주시 조천읍 조함해안로 504 (우)63333,호텔,,
논짓물해변,논짓물해변,제주특별자치도 서귀포시 하예동 532-3,"해수욕장,해변",3.8점,
까사로마호텔,까사로마호텔,제주특별자치도 서귀포시 태평로 347 (우)63592,호텔,,
디아넥스호텔,디아넥스호텔,제주특별자치도 서귀포시 안덕면 산록남로762번길 71 (우)63525,호텔,,
엠스테이호텔 제주,엠스테이호텔 제주,제주특별자치도 서귀포시 태평로353번길 14 (우)63595,호텔,,10:00 ~ 17:00
롯데리조트제주 아트빌라스,롯데리조트제주 아트빌라스,제주특별자치도 서귀포시 색달중앙로252번길 124 (우)63549,"콘도,리조트",,
와이리조트 제주,와이리조트 제주,제주특별자치도 서귀포시 안덕면 화순중앙로124번길 75 (우)63530,"콘도,리조트",,07:00 ~ 00:00
검멀레해변,검멀레해변,제주특별자치도 제주시 우도면 연평리,"해수욕장,해변",4.6점,
BK호텔제주,BK호텔제주,제주특별자치도 서귀포시 칠십리로91번길 12 (우)63596,호텔,,
MJ리조트,MJ리조트,제주특별자치도 제주시 구좌읍 해맞이해안로 1651 (우)63363,"콘도,리조트",,
풀빌라소랑,풀빌라소랑,제주특별자치도 제주시 조천읍 곱은달남길 218 (우)63343,펜션,,
화순금모래해수욕장,화순금모래해수욕장,제주특별자치도 서귀포시 안덕면 화순해안로 69 (우)63530,"해수욕장,해변",2.9점,
올레리조트,올레리조트,제주특별자치도 제주시 애월읍 부룡수길 33 (우)63047,"콘도,리조트",,
도두봉실내수영장,도두봉실내수영장,제주특별자치도 제주시 서해안로 202 1층 (우)63112,수영장,,
제주종합경기장 실내수영장,제주종합경기장 실내수영장,제주특별자치도 제주시 서광로2길 24 (우)63189,수영장,,
히든클리프호텔&네이쳐 더 인피니티,히든클리프호텔&네이쳐 더 인피니티,제주특별자치도 서귀포시 예래해안로 542 (우)63536,수영장,,
서귀포 홍리실내수영장,서귀포 홍리실내수영장,제주특별자치도 서귀포시 지장샘로182번길 149 (우)63579,수영장,,
유한실내수영장,유한실내수영장,제주특별자치도 제주시 수덕11길 68 (우)63103,수영장,,
마이테르 수영장,마이테르 수영장,제주특별자치도 제주시 애월읍 애원로 474-29 (우)63035,수영장,,
산지물물놀이장,산지물물놀이장,제주특별자치도 서귀포시 중산간동로 7971 (우)63585,수영장,1.0점,
제주혁신도시복합혁신센터 수영장,제주혁신도시복합혁신센터 수영장,제주특별자치도 서귀포시 서호남로 25 (우)63568,수영장,,
생수천생태문화공원 물놀이장,생수천생태문화공원 물놀이장,제주특별자치도 서귀포시 색달동 2055,어린이수영장,5.0점,10:00 ~ 17:30
옹포천 어울공원 수영장,옹포천 어울공원 수영장,제주특별자치도 제주시 한림읍 옹포리 21,수영장,5.0점,
이호테우 해수풀장,이호테우 해수풀장,제주특별자치도 제주시 이호동,수영장,,
제주신화월드 신화관 스카이풀,제주신화월드 신화관 스카이풀,제주특별자치도 서귀포시 안덕면 신화역사로304번길 38 1층 (우)63522,수영장,5.0점,13:00 ~ 22:00
켄싱턴리조트 서귀포 야외수영장,켄싱턴리조트 서귀포 야외수영장,제주특별자치도 서귀포시 강정동 2677,수영장,,09:00 ~ 18:00
버블키즈,버블키즈,제주특별자치도 제주시 월광로 61 지하1층 (우)63094,어린이수영장,,
롯데호텔앤리조트제주 해온,롯데호텔앤리조트제주 해온,제주특별자치도 서귀포시 중문관광로72번길 35 (우)63535,수영장,5.0점,06:00 ~ 23:00
하모해수풀장,하모해수풀장,제주특별자치도 서귀포시 대정읍 최남단해안로 132 (우)63513,수영장,,
위호텔 야외수영장,위호텔 야외수영장,제주특별자치도 서귀포시 1100로 453-95 (우)63551,수영장,3.0점,
어울공원 실외수영장,어울공원 실외수영장,제주특별자치도 제주시 한림읍 옹포리 17,수영장,,
라마다프라자 제주호텔 수영장,라마다프라자 제주호텔 수영장,제주특별자치도 제주시 탑동로 66 5층 (우)63165,수영장,,06:00 ~ 21:00
옥돔역 태흥물놀이장,옥돔역 태흥물놀이장,제주특별자치도 서귀포시 남원읍 태흥리 364-4,수영장,,
담앤루 수영장,담앤루 수영장,제주특별자치도 서귀포시 이어도로343번길 63 (우)63543,수영장,,
휘닉스제주섭지코지 수영장,휘닉스제주섭지코지 수영장,제주특별자치도 서귀포시 성산읍 섭지코지로 107 벨라테라스 블루동 지하 1층 (우)63642,수영장,2.0점,10:00 ~ 21:00
마레보리조트 수영장,마레보리조트 수영장,제주특별자치도 제주시 애월읍 신엄안3길 135 (우)63046,수영장,,10:00 ~ 20:00
다인리조트 풀장,다인리조트 풀장,제주특별자치도 제주시 애월읍 애월해안로 400-19 (우)63046,수영장,,
메종글래드제주 더파티오풀,메종글래드제주 더파티오풀,제주특별자치도 제주시 노연로 80 2층 (우)63132,수영장,,
K&D스포츠 제주영어교육도시점 수영장,K&D스포츠 제주영어교육도시점 수영장,제주특별자치도 서귀포시 안덕면 신화역사로 473-7 (우)63523,수영장,,
삼성초등학교 수영장,삼성초등학교 수영장,제주특별자치도 제주시 서광로29길 35 (우)63199,수영장,,
유키즈풀 어린이수영장,유키즈풀 어린이수영장,제주특별자치도 제주시 과원로 78 지하1층 (우)63142,어린이수영장,,14:00 ~ 21:00
대정중학교 수영장,대정중학교 수영장,제주특별자치도 서귀포시 대정읍 비행장로 18 (우)63513,수영장,,
선린지리조트 수영장,선린지리조트 수영장,제주특별자치도 제주시 조천읍 중산간동로 1513-99 (우)63340,수영장,,
이에스수영교실,이에스수영교실,제주특별자치도 제주시 해안마을서4길 100 (우)63077,수영장,,
표선중학교 수영장,표선중학교 수영장,제주특별자치도 서귀포시 표선면 표선중앙로 31 (우)63629,수영장,,
야외풀장,야외풀장,제주특별자치도 제주시 애월읍 납읍리 548,수영장,,
베니키아홈더제주리조트 야외수영장,베니키아홈더제주리조트 야외수영장,제주특별자치도 제주시 한림읍 협재리 876-3,수영장,,
해비치호텔앤리조트 실외수영장,해비치호텔앤리조트 실외수영장,제주특별자치도 서귀포시 표선면 민속해안로 537 (우)63629,수영장,,
뉴코리아유스호스텔 수영장,뉴코리아유스호스텔 수영장,제주특별자치도 제주시 애월읍 유수암리 2862,수영장,,
피크포인트,피크포인트,제주특별자치도 서귀포시 중문관광로72번길 60 (우)63535,수영장,3.0점,
제주신라호텔 수영장,제주신라호텔 수영장,제주특별자치도 서귀포시 중문관광로72번길 75 (우)63535,수영장,,06:30 ~ 24:00
용담어린이집수영장,용담어린이집수영장,제주특별자치도 제주시 성화로 19-1 (우)63158,어린이집,,
라마다프라자 제주호텔,라마다프라자 제주호텔,제주특별자치도 제주시 탑동로 66 (우)63165,라마다호텔,,
소노캄 제주,소노캄 제주,제주특별자치도 서귀포시 표선면 일주동로 6347-17 (우)63626,소노호텔앤리조트,,
켄싱턴리조트 서귀포,켄싱턴리조트 서귀포,제주특별자치도 서귀포시 이어도로 684 (우)63564,켄싱턴리조트,,
롯데호텔 제주,롯데호텔 제주,제주특별자치도 서귀포시 중문관광로72번길 35 (우)63535,롯데호텔,,
금호제주리조트,금호제주리조트,제주특별자치도 서귀포시 남원읍 태위로 522-12 (우)63620,금호리조트,,
메종글래드제주,메종글래드제주,제주특별자치도 제주시 노연로 80 (우)63132,특급호텔,,
롯데시티호텔 제주,롯데시티호텔 제주,제주특별자치도 제주시 도령로 83 (우)63127,특급호텔,,
제주신화월드 서머셋,제주신화월드 서머셋,제주특별자치도 서귀포시 안덕면 신화역사로304번길 89 (우)63522,특급호텔,,
호텔리젠트마린,호텔리젠트마린,제주특별자치도 제주시 서부두2길 20 (우)63276,호텔,,
해비치 호텔&리조트 제주,해비치 호텔&리조트 제주,제주특별자치도 서귀포시 표선면 민속해안로 537 (우)63629,호텔,,
호텔시리우스,호텔시리우스,제주특별자치도 제주시 도령로 133 (우)63126,호텔,,
제주부영호텔앤리조트,제주부영호텔앤리조트,제주특별자치도 서귀포시 중문관광로 222 (우)63547,호텔,,
제주신화월드 랜딩관,제주신화월드 랜딩관,제주특별자치도 서귀포시 안덕면 신화역사로304번길 38 (우)63522,특급호텔,,
골든튤립제주성산호텔,골든튤립제주성산호텔,제주특별자치도 서귀포시 성산읍 일출로 31 (우)63640,특급호텔,,
탐라스테이호텔제주,탐라스테이호텔제주,제주특별자치도 제주시 애월읍 애월해안로 881 (우)63050,호텔,,
히든클리프호텔&네이쳐,히든클리프호텔&네이쳐,제주특별자치도 서귀포시 예래해안로 542 (우)63536,호텔,,
제주신라호텔,제주신라호텔,제주특별자치도 서귀포시 중문관광로72번길 75 (우)63535,신라호텔,,00:00 ~ 24:00
WE호텔,WE호텔,제주특별자치도 서귀포시 1100로 453-95 (우)63551,호텔,,
코델리아S호텔,코델리아S호텔,제주특별자치도 서귀포시 성산읍 일주동로 4186 (우)63639,호텔,,
코업시티호텔 하버뷰,코업시티호텔 하버뷰,제주특별자치도 서귀포시 남원읍 태위로 108 (우)63611,호텔,,
토스카나호텔,토스카나호텔,제주특별자치도 서귀포시 용흥로66번길 158-7 (우)63556,호텔,,00:00 ~ 24:00
다인오세아노호텔,다인오세아노호텔,제주특별자치도 제주시 애월읍 애월해안로 394 (우)63046,호텔,,00:00 ~ 24:00
제주신화월드 메리어트관,제주신화월드 메리어트관,제주특별자치도 서귀포시 안덕면 신화역사로304번길 38 (우)63522,특급호텔,3.5점,
휘슬락호텔,휘슬락호텔,제주특별자치도 제주시 서부두2길 26 (우)63276,호텔,,
블루하와이리조트,블루하와이리조트,제주특별자치도 제주시 한림읍 한림로 77 (우)63010,"콘도,리조트",,
에코그린리조트,에코그린리조트,제주특별자치도 제주시 한림읍 귀덕6길 94 (우)63024,"콘도,리조트",,
화조원,화조원,제주특별자치도 제주시 애월읍 애원로 804 (우)63035,동물원,,09:00 ~ 18:00
캐니언파크 제주점,캐니언파크 제주점,제주특별자치도 제주시 삼무로 51 1층 (우)63125,실내동물원,,12:00 ~ 19:00
새별프렌즈,새별프렌즈,제주특별자치도 제주시 애월읍 평화로 1529 (우)63039,동물원,,10:00 ~ 18:00
라온쥬,라온쥬,제주특별자치도 제주시 한림읍 월림7길 155 더마파크 내 (우)63017,실내동물원,4.7점,
개똥이동물원,개똥이동물원,제주특별자치도 제주시 조천읍 종인내길 135 (우)63344,동물원,1.8점,10:00 ~ 17:00
더마파크,더마파크,제주특별자치도 제주시 한림읍 월림리 2365,승마장,,09:00 ~ 18:00
조랑말체험공원,조랑말체험공원,제주특별자치도 서귀포시 표선면 녹산로 381-15 (우)63622,승마장,,09:00 ~ 18:00
탐라승마장,탐라승마장,제주특별자치도 제주시 조천읍 비자림로 1044 (우)63346,승마장,,09:00 ~ 18:00
중문승마공원,중문승마공원,제주특별자치도 서귀포시 이어도로 244 (우)63543,승마장,,10:00 ~ 17:00
제주승마공원,제주승마공원,제주특별자치도 제주시 애월읍 녹고메길 152-1 (우)63066,승마장,,09:30 ~ 17:00
제주조랑말타운,제주조랑말타운,제주특별자치도 서귀포시 표선면 번영로 2486 (우)63624,승마장,4.1점,
조은승마장,조은승마장,제주특별자치도 서귀포시 안덕면 동광로 265-14 (우)63523,승마장,4.1점,
OK승마장,OK승마장,제주특별자치도 서귀포시 표선면 번영로 2595 (우)63624,승마장,3.3점,
홀스스토리승마장,홀스스토리승마장,제주특별자치도 제주시 애월읍 납읍남로3길 169 (우)63035,승마장,,
운주승마클럽,운주승마클럽,제주특별자치도 제주시 조천읍 미래로 165-10 (우)63342,승마장,,
산도스카발리오홀스파크,산도스카발리오홀스파크,제주특별자치도 서귀포시 안덕면 산록남로 566 (우)63524,승마장,,
세리승마,세리승마,제주특별자치도 서귀포시 법환상로2번길 97-13 (우)63572,승마장,,
웅지승마센터,웅지승마센터,제주특별자치도 제주시 애월읍 산록서로 81 (우)63042,승마장,,
공룡투어 승마장,공룡투어 승마장,제주특별자치도 제주시 조천읍 선흘리 4111,승마장,5.0점,08:00 ~ 18:00
아덴힐승마클럽,아덴힐승마클럽,제주특별자치도 제주시 해안동 548-2 1층,승마장,,
성읍승마장,성읍승마장,제주특별자치도 서귀포시 표선면 번영로 2658-8 (우)63624,승마장,,09:30 ~ 18:00
힐링팜 농어촌승마교육장,힐링팜 농어촌승마교육장,제주특별자치도 제주시 한림읍 광산로 395-46 (우)63021,승마장,5.0점,
홀스홀릭포니클럽,홀스홀릭포니클럽,제주특별자치도 제주시 한림읍 가린내길 99 (우)63021,승마장,4.0점,07:00 ~ 20:30
제이앤승마클럽,제이앤승마클럽,제주특별자치도 제주시 해안마을7길 211 (우)63077,승마장,,10:00 ~ 18:00
마원목장,마원목장,제주특별자치도 제주시 조천읍 선흘남4길 264-17 (우)63340,승마장,,
탑홀스 서귀점,탑홀스 서귀점,제주특별자치도 서귀포시 동홍동로 35 (우)63587,승마장,,
거문오름승마장,거문오름승마장,제주특별자치도 제주시 조천읍 선흘남4길 264-17 (우)63340,승마장,,
제주승마스쿨,제주승마스쿨,제주특별자치도 제주시 배한이길 97 (우)63072,승마장,,
서귀포산업과학고등학교 승마장,서귀포산업과학고등학교 승마장,제주특별자치도 서귀포시 배낭골로 133 (우)63582,승마장,,
라온승마클럽,라온승마클럽,제주특별자치도 제주시 한림읍 월림7길 155 (우)63017,승마장,,
삼다수목장,삼다수목장,제주특별자치도 제주시 조천읍 교래리 산 93,승마장,4.4점,
앨리샤승마장,앨리샤승마장,제주특별자치도 제주시 우도면 연평리 산 27-1,승마장,4.5점,09:00 ~ 17:00
라이더스랩,라이더스랩,제주특별자치도 서귀포시 성산읍 중산간동로 4328-77 (우)63635,승마장,,
동부레저,동부레저,제주특별자치도 서귀포시 516로 619 (우)63582,승마장,,
아리온승마장,아리온승마장,제주특별자치도 서귀포시 안덕면 신화역사로403번길 79 (우)63523,승마장,,
아일랜드승마장,아일랜드승마장,제주특별자치도 서귀포시 성산읍 서성일로 602 (우)63632,승마장,,
제주그린파크 승마장,제주그린파크 승마장,제주특별자치도 서귀포시 표선면 가시리 3570,승마장,,
초원승마클럽,초원승마클럽,제주특별자치도 서귀포시 상예로 353 (우)63548,승마장,,
에이원승마클럽,에이원승마클럽,제주특별자치도 제주시 애월읍 유수암평화10길 100 (우)63066,승마장,,
서진승마장,서진승마장,제주특별자치도 제주시 조천읍 비자림로 1118 (우)63346,승마장,,
브리더스파크 희망홀스승마클럽,브리더스파크 희망홀스승마클럽,제주특별자치도 제주시 구좌읍 송당리 2462,승마장,5.0점,08:00 ~ 17:00
중문승마체험장,중문승마체험장,제주특별자치도 서귀포시 상예로 349-1 (우)63548,승마장,,09:30 ~ 17:00
마패승마동호회,마패승마동호회,제주특별자치도 제주시 해안동 418,승마장,,
노을승마장,노을승마장,제주특별자치도 제주시 우도면 우도해안길 406-1 (우)63365,승마장,4.0점,
홀스랜드,홀스랜드,제주특별자치도 제주시 1100로 2659 (우)63078,승마장,,
에덴승마장,에덴승마장,제주특별자치도 서귀포시 대포동 1-1,승마장,,
한화넥스트,한화넥스트,제주특별자치도 제주시 애월읍 상가리 17-5,승마장,,
말산업협동조합,말산업협동조합,제주특별자치도 제주시 애월읍 어음13길 180 (우)63038,승마장,,
징기스칸승마캠프,징기스칸승마캠프,제주특별자치도 제주시 우도면 연평리 산 17,승마장,,
제주드림랜드 승마장,제주드림랜드 승마장,제주특별자치도 제주시 애월읍 평화로 1529 (우)63039,승마장,,
명도암승마장,명도암승마장,제주특별자치도 제주시 명림로 274 (우)63313,승마장,,
초원승마체험장 입구,초원승마체험장 입구,제주특별자치도 서귀포시 상예동 138-1 핑크색 컨테이너 주차장으로 들어오세요,승마장,,
코리아호스랜드,코리아호스랜드,제주특별자치도 서귀포시 표선면 녹산로 180-21 (우)63622,승마장,,
우도관광마차,우도관광마차,제주특별자치도 제주시 우도면 안비양길 35 (우)63365,승마장,,
뷰제주하늘,뷰제주하늘,제주특별자치도 서귀포시 성산읍 서성일로 397 (우)63632,승마,,09:00 ~ 17:00
서광승마장 주차장,서광승마장 주차장,제주특별자치도 서귀포시 안덕면 서광리 산 50-42,주차장,,
제주토이승마장,제주토이승마장,제주특별자치도 서귀포시 안덕면 동광로 265-14 (우)63523,스포츠시설,,
동부레저,동부레저,제주특별자치도 서귀포시 표선면 번영로 2454 (우)63624,식품판매,,09:00 ~ 18:00
탑승마클럽,탑승마클럽,제주특별자치도 제주시 명림로 278 (우)63313,승마,5.0점,09:00 ~ 18:00
서광 승마장 출입구1,서광 승마장 출입구1,제주특별자치도 서귀포시 안덕면 서광리 51-16,입출구,,
서광승마장 출입구2,서광승마장 출입구2,제주특별자치도 서귀포시 안덕면 서광리 51-32,입출구,,
동부레저,동부레저,제주특별자치도 제주시 노형로 19 (우)63061,여행사,,
렛츠런파크제주 아름다운승마장,렛츠런파크제주 아름다운승마장,제주특별자치도 제주시 애월읍 평화로 2144 (우)63066,테마파크시설,,
나누리승마센터,나누리승마센터,제주특별자치도 제주시 조천읍 선흘민오름길 50 (우)63346,승마,,
휴애리자연생활공원,휴애리자연생활공원,제주특별자치도 서귀포시 남원읍 신례동로 256 (우)63608,도시근린공원,4.0점,09:00 ~ 19:00
환상숲곶자왈공원,환상숲곶자왈공원,제주특별자치도 제주시 한경면 녹차분재로 594-1 (우)63005,공원,4.2점,09:00 ~ 18:00
노리매,노리매,제주특별자치도 서귀포시 대정읍 중산간서로 2260-15 (우)63519,공원,3.7점,09:00 ~ 18:00
신산공원,신산공원,제주특별자치도 제주시 일도이동 830,도시근린공원,4.4점,
삼무공원,삼무공원,제주특별자치도 제주시 연동 270-3,도시근린공원,4.4점,
도두봉공원,도두봉공원,제주특별자치도 제주시 도두일동 산 2,공원,4.6점,
사라봉공원,사라봉공원,제주특별자치도 제주시 사라봉동길 74 (우)63284,도시근린공원,5.0점,
하모체육공원,하모체육공원,제주특별자치도 서귀포시 대정읍 하모리,도시근린공원,3.5점,
신화역사공원,신화역사공원,제주특별자치도 서귀포시 안덕면 서광리 산 24-8,공원,4.8점,
금산공원,금산공원,제주특별자치도 제주시 애월읍 납읍리 1457,공원,4.3점,
북촌돌하르방공원,북촌돌하르방공원,제주특별자치도 제주시 조천읍 북촌서1길 70 (우)63339,공원,,09:00 ~ 18:00
삼다공원,삼다공원,제주특별자치도 제주시 연동 301-15,공원,,
수모루공원,수모루공원,제주특별자치도 서귀포시 서호동 86,공원,4.7점,
제주자연생태공원,제주자연생태공원,제주특별자치도 서귀포시 성산읍 금백조로 446 (우)63630,공원,4.9점,10:00 ~ 17:00
종달리 고망난돌 쉼터,종달리 고망난돌 쉼터,제주특별자치도 제주시 구좌읍 종달리 112-4,공원,,
용담체육공원,용담체육공원,제주특별자치도 제주시 용담2동,도시근린공원,4.0점,
낙천의자공원,낙천의자공원,제주특별자치도 제주시 한경면 낙수로 97 (우)63004,공원,3.7점,
파파빌레,파파빌레,제주특별자치도 제주시 조천읍 남조로 2185 (우)63345,공원,,
우도등대공원,우도등대공원,제주특별자치도 제주시 우도면 우도봉길 105 (우)63365,공원,,
새섬공원,새섬공원,제주특별자치도 서귀포시 서귀동,공원,4.4점,
두머니물공원,두머니물공원,제주특별자치도 서귀포시 법환동 1534,공원,5.0점,
제주밭담테마공원,제주밭담테마공원,제주특별자치도 제주시 구좌읍 월정리 1400-14,공원,,
삼다체육공원,삼다체육공원,제주특별자치도 서귀포시 서호동 1602,공원,5.0점,
제주돌마을공원,제주돌마을공원,제주특별자치도 제주시 한림읍 금능남로 421 (우)63016,공원,,09:00 ~ 18:00
제주생활체육공원,제주생활체육공원,제주특별자치도 제주시 와흘전1길 32 (우)63330,공원,,
서광 곶자왈 생태탐방공원,서광 곶자왈 생태탐방공원,제주특별자치도 서귀포시 안덕면 서광리 산 6-1,공원,5.0점,
산짓물공원,산짓물공원,제주특별자치도 제주시 건입동 1342-1,공원,,
제주시민복지타운광장,제주시민복지타운광장,제주특별자치도 제주시 도남동,공원,,
성산포JC공원,성산포JC공원,제주특별자치도 서귀포시 성산읍 고성리,도시근린공원,,
사계리해안체육공원,사계리해안체육공원,제주특별자치도 서귀포시 안덕면 사계리 3530-7,도시근린공원,,
용담공원,용담공원,제주특별자치도 제주시 용담2동 455-1,공원,,
노형미리내공원,노형미리내공원,제주특별자치도 제주시 미리내길 84 (우)63078,공원,,
뿔소라공원,뿔소라공원,제주특별자치도 서귀포시 대정읍 신도리 3125-5,공원,,
남도리쉼터,남도리쉼터,제주특별자치도 제주시 애월읍 신엄리,공원,,
첨단제5근린공원,첨단제5근린공원,제주특별자치도 제주시 아라일동 3009,도시근린공원,,
한마음근린공원,한마음근린공원,제주특별자치도 제주시 이도2동 1942-1,도시근린공원,,
환태평양평화소공원,환태평양평화소공원,제주특별자치도 서귀포시 대정읍 상모리 1683-8,공원,,
해거름마을공원,해거름마을공원,제주특별자치도 제주시 한경면 판포리 1602-1,공원,,
귀덕궤물동산,귀덕궤물동산,제주특별자치도 제주시 한림읍 귀덕리 3025-2,도시근린공원,,
노형근린공원,노형근린공원,제주특별자치도 제주시 과원북2길 1 (우)63086,도시근린공원,,
색달생수천 생태문화공원,색달생수천 생태문화공원,제주특별자치도 서귀포시 색달동 2137-6,공원,,
말방목공원,말방목공원,제주특별자치도 제주시 구좌읍 금백조로 865-1 (우)63355,공원,4.7점,00:00 ~ 24:00
제주해녀 항일운동기념공원,제주해녀 항일운동기념공원,제주특별자치도 제주시 구좌읍 해녀박물관길 26 (우)63362,공원,,
이도근린공원,이도근린공원,제주특별자치도 제주시 이도공원동길 6 (우)63226,도시근린공원,,
애월근린공원,애월근린공원,제주특별자치도 제주시 애월읍 고내리 1337-2,도시근린공원,,
월산체육공원,월산체육공원,제주특별자치도 제주시 노형동 3762-11,도시근린공원,,
제주도세계지질공원,제주도세계지질공원,제주특별자치도 제주시 조천읍 선교로 569-36 제주세계자연유산센터 (우)63341,공원,,
제7호어린이공원,제7호어린이공원,제주특별자치도 제주시 연동 297-1,도시근린공원,,
흐린내생태공원,흐린내생태공원,제주특별자치도 제주시 조천읍 선흘리 산 62,공원,,
송악공원,송악공원,제주특별자치도 서귀포시 대정읍 상모리 산 2,도시근린공원,,
서복공원,서복공원,제주특별자치도 서귀포시 서귀동 93-19,공원,,
벌내물공원,벌내물공원,제주특별자치도 제주시 한경면 신창리 1321-1,공원,,
방일리공원,방일리공원,제주특별자치도 제주시 노형동 3812-2,공원,,
일도체육공원,일도체육공원,제주특별자치도 제주시 일도2동 46-2,도시근린공원,,
수운근린공원,수운근린공원,제주특별자치도 제주시 이도2동,도시근린공원,,
태흥2리체육공원,태흥2리체육공원,제주특별자치도 서귀포시 남원읍 남태해안로 502 (우)63617,도시근린공원,,
난드르쉼터,난드르쉼터,제주특별자치도 서귀포시 하예동 1782-2,공원,,
아라2근린공원,아라2근린공원,제주특별자치도 제주시 아라일동 6125,도시근린공원,,
탐라신화공원,탐라신화공원,제주특별자치도 제주시 조천읍 선교로 474 (우)63341,공원,,
해양소공원,해양소공원,제주특별자치도 서귀포시 남원읍 위미해안로 43 (우)63611,공원,,
수산체육공원,수산체육공원,제주특별자치도 서귀포시 성산읍 수송로 144 (우)63630,도시근린공원,,
삼매봉공원,삼매봉공원,제주특별자치도 서귀포시 서홍동 821,공원,,
숨골공원,숨골공원,제주특별자치도 서귀포시 서호동 1609,공원,,
젊은이의광장,젊은이의광장,제주특별자치도 제주시 건입동,도시근린공원,,
신풍 레포츠공원,신풍 레포츠공원,제주특별자치도 서귀포시 성산읍 남산봉로 247 (우)63636,도시근린공원,,
